Value,Unit,source,category,type,tech,table,code,codetype,fuel,tech2,ef,unit,reference,pol,region,other,id,lat,lon,alt,activity,unit_activity,date_activity,emissions,emissions_units
1.61,mg/GJ,EMEP,Petroleum refining,Tier 2 Emission Factor,"Process Furnaces, Heaters and Boilers",Table_4-4,1.A.1.b,NFR,Residual Oil (Refinery Fuel Oil),"",0.00161,g/GJ,Concawe Report 9/16,Pb,HERE,"",1,-23,-46,10,317.703433203395,GJ,2020-01-01,0.511502527457466,g
2.19,mg/GJ,EMEP,Petroleum refining,Tier 2 Emission Factor,"Process Furnaces, Heaters and Boilers",Table_4-4,1.A.1.b,NFR,Residual Oil (Refinery Fuel Oil),"",0.00219,g/GJ,Concawe Report 9/16,Cd,HERE,"",1,-23,-46,10,317.703433203395,GJ,2020-01-01,0.695770518715435,g
12.1,g/GJ,EMEP,Petroleum refining,Tier 2 Emission Factor,"Process Furnaces, Heaters and Boilers",Table_4-4,1.A.1.b,NFR,Residual Oil (Refinery Fuel Oil),"",12.1,g/GJ,Concawe (2015),CO,HERE,"",1,-23,-46,10,317.703433203395,GJ,2020-01-01,3844.21154176108,g
6.69,mg/GJ,EMEP,Petroleum refining,Tier 2 Emission Factor,"Process Furnaces, Heaters and Boilers",Table_4-4,1.A.1.b,NFR,Residual Oil (Refinery Fuel Oil),"",0.00669,g/GJ,Concawe Report 9/16,Cr,HERE,"",1,-23,-46,10,317.703433203395,GJ,2020-01-01,2.12543596813071,g
3.29,mg/GJ,EMEP,Petroleum refining,Tier 2 Emission Factor,"Process Furnaces, Heaters and Boilers",Table_4-4,1.A.1.b,NFR,Residual Oil (Refinery Fuel Oil),"",0.00329,g/GJ,Concawe Report 9/16,Cu,HERE,"",1,-23,-46,10,317.703433203395,GJ,2020-01-01,1.04524429523917,g
0.372,mg/GJ,EMEP,Petroleum refining,Tier 2 Emission Factor,"Process Furnaces, Heaters and Boilers",Table_4-4,1.A.1.b,NFR,Residual Oil (Refinery Fuel Oil),"",0.000372,g/GJ,Concawe Report 9/16,Hg,HERE,"",1,-23,-46,10,317.703433203395,GJ,2020-01-01,0.118185677151663,g
0.631,µg/GJ,EMEP,Petroleum refining,Tier 2 Emission Factor,"Process Furnaces, Heaters and Boilers",Table_4-4,1.A.1.b,NFR,Residual Oil (Refinery Fuel Oil),"",6.31e-07,g/GJ,"API (1998, 2002)","Indeno(1,2,3-cd)pyrene",HERE,"",1,-23,-46,10,317.703433203395,GJ,2020-01-01,0.000200470866351342,g
0.631,µg/GJ,EMEP,Petroleum refining,Tier 2 Emission Factor,"Process Furnaces, Heaters and Boilers",Table_4-4,1.A.1.b,NFR,Residual Oil (Refinery Fuel Oil),"",6.31e-07,g/GJ,"API (1998, 2002)",Benzo(k)fluoranthene,HERE,"",1,-23,-46,10,317.703433203395,GJ,2020-01-01,0.000200470866351342,g
63,g/GJ,EMEP,Petroleum refining,Tier 2 Emission Factor,"Process Furnaces, Heaters and Boilers",Table_4-4,1.A.1.b,NFR,Residual Oil (Refinery Fuel Oil),"",63,g/GJ,US EPA (1998); chapter 1.4,NOx,HERE,"",1,-23,-46,10,317.703433203395,GJ,2020-01-01,20015.3162918139,g
10.44,g/GJ,EMEP,Petroleum refining,Tier 2 Emission Factor,"Process Furnaces, Heaters and Boilers",Table_4-4,1.A.1.b,NFR,Residual Oil (Refinery Fuel Oil),"",10.44,g/GJ,UBA (2023),SOx,HERE,"",1,-23,-46,10,317.703433203395,GJ,2020-01-01,3316.82384264344,g
0.89,g/GJ,EMEP,Petroleum refining,Tier 2 Emission Factor,"Process Furnaces, Heaters and Boilers",Table_4-4,1.A.1.b,NFR,Residual Oil (Refinery Fuel Oil),"",0.89,g/GJ,US EPA (1998); chapter 1.4,PM10,HERE,"",1,-23,-46,10,317.703433203395,GJ,2020-01-01,282.756055551021,g
0.89,g/GJ,EMEP,Petroleum refining,Tier 2 Emission Factor,"Process Furnaces, Heaters and Boilers",Table_4-4,1.A.1.b,NFR,Residual Oil (Refinery Fuel Oil),"",0.89,g/GJ,US EPA (1998); chapter 1.4,PM2.5,HERE,"",1,-23,-46,10,317.703433203395,GJ,2020-01-01,282.756055551021,g
1.56,mg/GJ,EMEP,Petroleum refining,Tier 2 Emission Factor,"Process Furnaces, Heaters and Boilers",Table_4-4,1.A.1.b,NFR,Residual Oil (Refinery Fuel Oil),"",0.00156,g/GJ,Concawe Report 9/16,Se,HERE,"",1,-23,-46,10,317.703433203395,GJ,2020-01-01,0.495617355797296,g
0.89,g/GJ,EMEP,Petroleum refining,Tier 2 Emission Factor,"Process Furnaces, Heaters and Boilers",Table_4-4,1.A.1.b,NFR,Residual Oil (Refinery Fuel Oil),"",0.89,g/GJ,US EPA (1998); chapter 1.4,TSP,HERE,"",1,-23,-46,10,317.703433203395,GJ,2020-01-01,282.756055551021,g
7.37,mg/GJ,EMEP,Petroleum refining,Tier 2 Emission Factor,"Process Furnaces, Heaters and Boilers",Table_4-4,1.A.1.b,NFR,Residual Oil (Refinery Fuel Oil),"",0.00737,g/GJ,Concawe Report 9/16,Ni,HERE,"",1,-23,-46,10,317.703433203395,GJ,2020-01-01,2.34147430270902,g
17,mg/GJ,EMEP,Petroleum refining,Tier 2 Emission Factor,"Process Furnaces, Heaters and Boilers",Table_4-4,1.A.1.b,NFR,Residual Oil (Refinery Fuel Oil),"",0.017,g/GJ,Concawe Report 9/16,Zn,HERE,"",1,-23,-46,10,317.703433203395,GJ,2020-01-01,5.40095836445771,g
1.14,µg/GJ,EMEP,Petroleum refining,Tier 2 Emission Factor,"Process Furnaces, Heaters and Boilers",Table_4-4,1.A.1.b,NFR,Residual Oil (Refinery Fuel Oil),"",1.14e-06,g/GJ,"API (1998, 2002)",Benzo(b)fluoranthene,HERE,"",1,-23,-46,10,317.703433203395,GJ,2020-01-01,0.00036218191385187,g
0.352,mg/GJ,EMEP,Petroleum refining,Tier 2 Emission Factor,"Process Furnaces, Heaters and Boilers",Table_4-4,1.A.1.b,NFR,Residual Oil (Refinery Fuel Oil),"",0.000352,g/GJ,Concawe Report 9/16,As,HERE,"",1,-23,-46,10,317.703433203395,GJ,2020-01-01,0.111831608487595,g
18.4,% of PM2.5,EMEP,Petroleum refining,Tier 2 Emission Factor,"Process Furnaces, Heaters and Boilers",Table_4-4,1.A.1.b,NFR,Residual Oil (Refinery Fuel Oil),"",18.4,% of PM2.5,US EPA (2011),BC,HERE,"",1,-23,-46,10,317.703433203395,GJ,2020-01-01,52.0271142213879,g
0.669,µg/GJ,EMEP,Petroleum refining,Tier 2 Emission Factor,"Process Furnaces, Heaters and Boilers",Table_4-4,1.A.1.b,NFR,Residual Oil (Refinery Fuel Oil),"",6.69e-07,g/GJ,"API (1998, 2002)",Benzo(a)pyrene,HERE,"",1,-23,-46,10,317.703433203395,GJ,2020-01-01,0.000212543596813071,g
1.61,mg/GJ,EMEP,Petroleum refining,Tier 2 Emission Factor,"Process Furnaces, Heaters and Boilers",Table_4-4,1.A.1.b,NFR,Residual Oil (Refinery Fuel Oil),"",0.00161,g/GJ,Concawe Report 9/16,Pb,HERE,"",1,-23,-46,10,565.681735509165,GJ,2020-02-01,0.910747594169756,g
2.19,mg/GJ,EMEP,Petroleum refining,Tier 2 Emission Factor,"Process Furnaces, Heaters and Boilers",Table_4-4,1.A.1.b,NFR,Residual Oil (Refinery Fuel Oil),"",0.00219,g/GJ,Concawe Report 9/16,Cd,HERE,"",1,-23,-46,10,565.681735509165,GJ,2020-02-01,1.23884300076507,g
12.1,g/GJ,EMEP,Petroleum refining,Tier 2 Emission Factor,"Process Furnaces, Heaters and Boilers",Table_4-4,1.A.1.b,NFR,Residual Oil (Refinery Fuel Oil),"",12.1,g/GJ,Concawe (2015),CO,HERE,"",1,-23,-46,10,565.681735509165,GJ,2020-02-01,6844.7489996609,g
6.69,mg/GJ,EMEP,Petroleum refining,Tier 2 Emission Factor,"Process Furnaces, Heaters and Boilers",Table_4-4,1.A.1.b,NFR,Residual Oil (Refinery Fuel Oil),"",0.00669,g/GJ,Concawe Report 9/16,Cr,HERE,"",1,-23,-46,10,565.681735509165,GJ,2020-02-01,3.78441081055632,g
3.29,mg/GJ,EMEP,Petroleum refining,Tier 2 Emission Factor,"Process Furnaces, Heaters and Boilers",Table_4-4,1.A.1.b,NFR,Residual Oil (Refinery Fuel Oil),"",0.00329,g/GJ,Concawe Report 9/16,Cu,HERE,"",1,-23,-46,10,565.681735509165,GJ,2020-02-01,1.86109290982515,g
0.372,mg/GJ,EMEP,Petroleum refining,Tier 2 Emission Factor,"Process Furnaces, Heaters and Boilers",Table_4-4,1.A.1.b,NFR,Residual Oil (Refinery Fuel Oil),"",0.000372,g/GJ,Concawe Report 9/16,Hg,HERE,"",1,-23,-46,10,565.681735509165,GJ,2020-02-01,0.210433605609409,g
0.631,µg/GJ,EMEP,Petroleum refining,Tier 2 Emission Factor,"Process Furnaces, Heaters and Boilers",Table_4-4,1.A.1.b,NFR,Residual Oil (Refinery Fuel Oil),"",6.31e-07,g/GJ,"API (1998, 2002)","Indeno(1,2,3-cd)pyrene",HERE,"",1,-23,-46,10,565.681735509165,GJ,2020-02-01,0.000356945175106283,g
0.631,µg/GJ,EMEP,Petroleum refining,Tier 2 Emission Factor,"Process Furnaces, Heaters and Boilers",Table_4-4,1.A.1.b,NFR,Residual Oil (Refinery Fuel Oil),"",6.31e-07,g/GJ,"API (1998, 2002)",Benzo(k)fluoranthene,HERE,"",1,-23,-46,10,565.681735509165,GJ,2020-02-01,0.000356945175106283,g
63,g/GJ,EMEP,Petroleum refining,Tier 2 Emission Factor,"Process Furnaces, Heaters and Boilers",Table_4-4,1.A.1.b,NFR,Residual Oil (Refinery Fuel Oil),"",63,g/GJ,US EPA (1998); chapter 1.4,NOx,HERE,"",1,-23,-46,10,565.681735509165,GJ,2020-02-01,35637.9493370774,g
10.44,g/GJ,EMEP,Petroleum refining,Tier 2 Emission Factor,"Process Furnaces, Heaters and Boilers",Table_4-4,1.A.1.b,NFR,Residual Oil (Refinery Fuel Oil),"",10.44,g/GJ,UBA (2023),SOx,HERE,"",1,-23,-46,10,565.681735509165,GJ,2020-02-01,5905.71731871568,g
0.89,g/GJ,EMEP,Petroleum refining,Tier 2 Emission Factor,"Process Furnaces, Heaters and Boilers",Table_4-4,1.A.1.b,NFR,Residual Oil (Refinery Fuel Oil),"",0.89,g/GJ,US EPA (1998); chapter 1.4,PM10,HERE,"",1,-23,-46,10,565.681735509165,GJ,2020-02-01,503.456744603157,g
0.89,g/GJ,EMEP,Petroleum refining,Tier 2 Emission Factor,"Process Furnaces, Heaters and Boilers",Table_4-4,1.A.1.b,NFR,Residual Oil (Refinery Fuel Oil),"",0.89,g/GJ,US EPA (1998); chapter 1.4,PM2.5,HERE,"",1,-23,-46,10,565.681735509165,GJ,2020-02-01,503.456744603157,g
1.56,mg/GJ,EMEP,Petroleum refining,Tier 2 Emission Factor,"Process Furnaces, Heaters and Boilers",Table_4-4,1.A.1.b,NFR,Residual Oil (Refinery Fuel Oil),"",0.00156,g/GJ,Concawe Report 9/16,Se,HERE,"",1,-23,-46,10,565.681735509165,GJ,2020-02-01,0.882463507394298,g
0.89,g/GJ,EMEP,Petroleum refining,Tier 2 Emission Factor,"Process Furnaces, Heaters and Boilers",Table_4-4,1.A.1.b,NFR,Residual Oil (Refinery Fuel Oil),"",0.89,g/GJ,US EPA (1998); chapter 1.4,TSP,HERE,"",1,-23,-46,10,565.681735509165,GJ,2020-02-01,503.456744603157,g
7.37,mg/GJ,EMEP,Petroleum refining,Tier 2 Emission Factor,"Process Furnaces, Heaters and Boilers",Table_4-4,1.A.1.b,NFR,Residual Oil (Refinery Fuel Oil),"",0.00737,g/GJ,Concawe Report 9/16,Ni,HERE,"",1,-23,-46,10,565.681735509165,GJ,2020-02-01,4.16907439070255,g
17,mg/GJ,EMEP,Petroleum refining,Tier 2 Emission Factor,"Process Furnaces, Heaters and Boilers",Table_4-4,1.A.1.b,NFR,Residual Oil (Refinery Fuel Oil),"",0.017,g/GJ,Concawe Report 9/16,Zn,HERE,"",1,-23,-46,10,565.681735509165,GJ,2020-02-01,9.61658950365581,g
1.14,µg/GJ,EMEP,Petroleum refining,Tier 2 Emission Factor,"Process Furnaces, Heaters and Boilers",Table_4-4,1.A.1.b,NFR,Residual Oil (Refinery Fuel Oil),"",1.14e-06,g/GJ,"API (1998, 2002)",Benzo(b)fluoranthene,HERE,"",1,-23,-46,10,565.681735509165,GJ,2020-02-01,0.000644877178480448,g
0.352,mg/GJ,EMEP,Petroleum refining,Tier 2 Emission Factor,"Process Furnaces, Heaters and Boilers",Table_4-4,1.A.1.b,NFR,Residual Oil (Refinery Fuel Oil),"",0.000352,g/GJ,Concawe Report 9/16,As,HERE,"",1,-23,-46,10,565.681735509165,GJ,2020-02-01,0.199119970899226,g
18.4,% of PM2.5,EMEP,Petroleum refining,Tier 2 Emission Factor,"Process Furnaces, Heaters and Boilers",Table_4-4,1.A.1.b,NFR,Residual Oil (Refinery Fuel Oil),"",18.4,% of PM2.5,US EPA (2011),BC,HERE,"",1,-23,-46,10,565.681735509165,GJ,2020-02-01,92.6360410069809,g
0.669,µg/GJ,EMEP,Petroleum refining,Tier 2 Emission Factor,"Process Furnaces, Heaters and Boilers",Table_4-4,1.A.1.b,NFR,Residual Oil (Refinery Fuel Oil),"",6.69e-07,g/GJ,"API (1998, 2002)",Benzo(a)pyrene,HERE,"",1,-23,-46,10,565.681735509165,GJ,2020-02-01,0.000378441081055632,g
1.61,mg/GJ,EMEP,Petroleum refining,Tier 2 Emission Factor,"Process Furnaces, Heaters and Boilers",Table_4-4,1.A.1.b,NFR,Residual Oil (Refinery Fuel Oil),"",0.00161,g/GJ,Concawe Report 9/16,Pb,HERE,"",1,-23,-46,10,601.022065394537,GJ,2020-03-01,0.967645525285205,g
2.19,mg/GJ,EMEP,Petroleum refining,Tier 2 Emission Factor,"Process Furnaces, Heaters and Boilers",Table_4-4,1.A.1.b,NFR,Residual Oil (Refinery Fuel Oil),"",0.00219,g/GJ,Concawe Report 9/16,Cd,HERE,"",1,-23,-46,10,601.022065394537,GJ,2020-03-01,1.31623832321404,g
12.1,g/GJ,EMEP,Petroleum refining,Tier 2 Emission Factor,"Process Furnaces, Heaters and Boilers",Table_4-4,1.A.1.b,NFR,Residual Oil (Refinery Fuel Oil),"",12.1,g/GJ,Concawe (2015),CO,HERE,"",1,-23,-46,10,601.022065394537,GJ,2020-03-01,7272.3669912739,g
6.69,mg/GJ,EMEP,Petroleum refining,Tier 2 Emission Factor,"Process Furnaces, Heaters and Boilers",Table_4-4,1.A.1.b,NFR,Residual Oil (Refinery Fuel Oil),"",0.00669,g/GJ,Concawe Report 9/16,Cr,HERE,"",1,-23,-46,10,601.022065394537,GJ,2020-03-01,4.02083761748945,g
3.29,mg/GJ,EMEP,Petroleum refining,Tier 2 Emission Factor,"Process Furnaces, Heaters and Boilers",Table_4-4,1.A.1.b,NFR,Residual Oil (Refinery Fuel Oil),"",0.00329,g/GJ,Concawe Report 9/16,Cu,HERE,"",1,-23,-46,10,601.022065394537,GJ,2020-03-01,1.97736259514803,g
0.372,mg/GJ,EMEP,Petroleum refining,Tier 2 Emission Factor,"Process Furnaces, Heaters and Boilers",Table_4-4,1.A.1.b,NFR,Residual Oil (Refinery Fuel Oil),"",0.000372,g/GJ,Concawe Report 9/16,Hg,HERE,"",1,-23,-46,10,601.022065394537,GJ,2020-03-01,0.223580208326768,g
0.631,µg/GJ,EMEP,Petroleum refining,Tier 2 Emission Factor,"Process Furnaces, Heaters and Boilers",Table_4-4,1.A.1.b,NFR,Residual Oil (Refinery Fuel Oil),"",6.31e-07,g/GJ,"API (1998, 2002)","Indeno(1,2,3-cd)pyrene",HERE,"",1,-23,-46,10,601.022065394537,GJ,2020-03-01,0.000379244923263953,g
0.631,µg/GJ,EMEP,Petroleum refining,Tier 2 Emission Factor,"Process Furnaces, Heaters and Boilers",Table_4-4,1.A.1.b,NFR,Residual Oil (Refinery Fuel Oil),"",6.31e-07,g/GJ,"API (1998, 2002)",Benzo(k)fluoranthene,HERE,"",1,-23,-46,10,601.022065394537,GJ,2020-03-01,0.000379244923263953,g
63,g/GJ,EMEP,Petroleum refining,Tier 2 Emission Factor,"Process Furnaces, Heaters and Boilers",Table_4-4,1.A.1.b,NFR,Residual Oil (Refinery Fuel Oil),"",63,g/GJ,US EPA (1998); chapter 1.4,NOx,HERE,"",1,-23,-46,10,601.022065394537,GJ,2020-03-01,37864.3901198558,g
10.44,g/GJ,EMEP,Petroleum refining,Tier 2 Emission Factor,"Process Furnaces, Heaters and Boilers",Table_4-4,1.A.1.b,NFR,Residual Oil (Refinery Fuel Oil),"",10.44,g/GJ,UBA (2023),SOx,HERE,"",1,-23,-46,10,601.022065394537,GJ,2020-03-01,6274.67036271897,g
0.89,g/GJ,EMEP,Petroleum refining,Tier 2 Emission Factor,"Process Furnaces, Heaters and Boilers",Table_4-4,1.A.1.b,NFR,Residual Oil (Refinery Fuel Oil),"",0.89,g/GJ,US EPA (1998); chapter 1.4,PM10,HERE,"",1,-23,-46,10,601.022065394537,GJ,2020-03-01,534.909638201138,g
0.89,g/GJ,EMEP,Petroleum refining,Tier 2 Emission Factor,"Process Furnaces, Heaters and Boilers",Table_4-4,1.A.1.b,NFR,Residual Oil (Refinery Fuel Oil),"",0.89,g/GJ,US EPA (1998); chapter 1.4,PM2.5,HERE,"",1,-23,-46,10,601.022065394537,GJ,2020-03-01,534.909638201138,g
1.56,mg/GJ,EMEP,Petroleum refining,Tier 2 Emission Factor,"Process Furnaces, Heaters and Boilers",Table_4-4,1.A.1.b,NFR,Residual Oil (Refinery Fuel Oil),"",0.00156,g/GJ,Concawe Report 9/16,Se,HERE,"",1,-23,-46,10,601.022065394537,GJ,2020-03-01,0.937594422015478,g
0.89,g/GJ,EMEP,Petroleum refining,Tier 2 Emission Factor,"Process Furnaces, Heaters and Boilers",Table_4-4,1.A.1.b,NFR,Residual Oil (Refinery Fuel Oil),"",0.89,g/GJ,US EPA (1998); chapter 1.4,TSP,HERE,"",1,-23,-46,10,601.022065394537,GJ,2020-03-01,534.909638201138,g
7.37,mg/GJ,EMEP,Petroleum refining,Tier 2 Emission Factor,"Process Furnaces, Heaters and Boilers",Table_4-4,1.A.1.b,NFR,Residual Oil (Refinery Fuel Oil),"",0.00737,g/GJ,Concawe Report 9/16,Ni,HERE,"",1,-23,-46,10,601.022065394537,GJ,2020-03-01,4.42953262195774,g
17,mg/GJ,EMEP,Petroleum refining,Tier 2 Emission Factor,"Process Furnaces, Heaters and Boilers",Table_4-4,1.A.1.b,NFR,Residual Oil (Refinery Fuel Oil),"",0.017,g/GJ,Concawe Report 9/16,Zn,HERE,"",1,-23,-46,10,601.022065394537,GJ,2020-03-01,10.2173751117071,g
1.14,µg/GJ,EMEP,Petroleum refining,Tier 2 Emission Factor,"Process Furnaces, Heaters and Boilers",Table_4-4,1.A.1.b,NFR,Residual Oil (Refinery Fuel Oil),"",1.14e-06,g/GJ,"API (1998, 2002)",Benzo(b)fluoranthene,HERE,"",1,-23,-46,10,601.022065394537,GJ,2020-03-01,0.000685165154549772,g
0.352,mg/GJ,EMEP,Petroleum refining,Tier 2 Emission Factor,"Process Furnaces, Heaters and Boilers",Table_4-4,1.A.1.b,NFR,Residual Oil (Refinery Fuel Oil),"",0.000352,g/GJ,Concawe Report 9/16,As,HERE,"",1,-23,-46,10,601.022065394537,GJ,2020-03-01,0.211559767018877,g
18.4,% of PM2.5,EMEP,Petroleum refining,Tier 2 Emission Factor,"Process Furnaces, Heaters and Boilers",Table_4-4,1.A.1.b,NFR,Residual Oil (Refinery Fuel Oil),"",18.4,% of PM2.5,US EPA (2011),BC,HERE,"",1,-23,-46,10,601.022065394537,GJ,2020-03-01,98.4233734290094,g
0.669,µg/GJ,EMEP,Petroleum refining,Tier 2 Emission Factor,"Process Furnaces, Heaters and Boilers",Table_4-4,1.A.1.b,NFR,Residual Oil (Refinery Fuel Oil),"",6.69e-07,g/GJ,"API (1998, 2002)",Benzo(a)pyrene,HERE,"",1,-23,-46,10,601.022065394537,GJ,2020-03-01,0.000402083761748945,g
1.61,mg/GJ,EMEP,Petroleum refining,Tier 2 Emission Factor,"Process Furnaces, Heaters and Boilers",Table_4-4,1.A.1.b,NFR,Residual Oil (Refinery Fuel Oil),"",0.00161,g/GJ,Concawe Report 9/16,Pb,HERE,"",1,-23,-46,10,325.715301780233,GJ,2020-04-01,0.524401635866175,g
2.19,mg/GJ,EMEP,Petroleum refining,Tier 2 Emission Factor,"Process Furnaces, Heaters and Boilers",Table_4-4,1.A.1.b,NFR,Residual Oil (Refinery Fuel Oil),"",0.00219,g/GJ,Concawe Report 9/16,Cd,HERE,"",1,-23,-46,10,325.715301780233,GJ,2020-04-01,0.71331651089871,g
12.1,g/GJ,EMEP,Petroleum refining,Tier 2 Emission Factor,"Process Furnaces, Heaters and Boilers",Table_4-4,1.A.1.b,NFR,Residual Oil (Refinery Fuel Oil),"",12.1,g/GJ,Concawe (2015),CO,HERE,"",1,-23,-46,10,325.715301780233,GJ,2020-04-01,3941.15515154082,g
6.69,mg/GJ,EMEP,Petroleum refining,Tier 2 Emission Factor,"Process Furnaces, Heaters and Boilers",Table_4-4,1.A.1.b,NFR,Residual Oil (Refinery Fuel Oil),"",0.00669,g/GJ,Concawe Report 9/16,Cr,HERE,"",1,-23,-46,10,325.715301780233,GJ,2020-04-01,2.17903536890976,g
3.29,mg/GJ,EMEP,Petroleum refining,Tier 2 Emission Factor,"Process Furnaces, Heaters and Boilers",Table_4-4,1.A.1.b,NFR,Residual Oil (Refinery Fuel Oil),"",0.00329,g/GJ,Concawe Report 9/16,Cu,HERE,"",1,-23,-46,10,325.715301780233,GJ,2020-04-01,1.07160334285697,g
0.372,mg/GJ,EMEP,Petroleum refining,Tier 2 Emission Factor,"Process Furnaces, Heaters and Boilers",Table_4-4,1.A.1.b,NFR,Residual Oil (Refinery Fuel Oil),"",0.000372,g/GJ,Concawe Report 9/16,Hg,HERE,"",1,-23,-46,10,325.715301780233,GJ,2020-04-01,0.121166092262247,g
0.631,µg/GJ,EMEP,Petroleum refining,Tier 2 Emission Factor,"Process Furnaces, Heaters and Boilers",Table_4-4,1.A.1.b,NFR,Residual Oil (Refinery Fuel Oil),"",6.31e-07,g/GJ,"API (1998, 2002)","Indeno(1,2,3-cd)pyrene",HERE,"",1,-23,-46,10,325.715301780233,GJ,2020-04-01,0.000205526355423327,g
0.631,µg/GJ,EMEP,Petroleum refining,Tier 2 Emission Factor,"Process Furnaces, Heaters and Boilers",Table_4-4,1.A.1.b,NFR,Residual Oil (Refinery Fuel Oil),"",6.31e-07,g/GJ,"API (1998, 2002)",Benzo(k)fluoranthene,HERE,"",1,-23,-46,10,325.715301780233,GJ,2020-04-01,0.000205526355423327,g
63,g/GJ,EMEP,Petroleum refining,Tier 2 Emission Factor,"Process Furnaces, Heaters and Boilers",Table_4-4,1.A.1.b,NFR,Residual Oil (Refinery Fuel Oil),"",63,g/GJ,US EPA (1998); chapter 1.4,NOx,HERE,"",1,-23,-46,10,325.715301780233,GJ,2020-04-01,20520.0640121547,g
10.44,g/GJ,EMEP,Petroleum refining,Tier 2 Emission Factor,"Process Furnaces, Heaters and Boilers",Table_4-4,1.A.1.b,NFR,Residual Oil (Refinery Fuel Oil),"",10.44,g/GJ,UBA (2023),SOx,HERE,"",1,-23,-46,10,325.715301780233,GJ,2020-04-01,3400.46775058563,g
0.89,g/GJ,EMEP,Petroleum refining,Tier 2 Emission Factor,"Process Furnaces, Heaters and Boilers",Table_4-4,1.A.1.b,NFR,Residual Oil (Refinery Fuel Oil),"",0.89,g/GJ,US EPA (1998); chapter 1.4,PM10,HERE,"",1,-23,-46,10,325.715301780233,GJ,2020-04-01,289.886618584407,g
0.89,g/GJ,EMEP,Petroleum refining,Tier 2 Emission Factor,"Process Furnaces, Heaters and Boilers",Table_4-4,1.A.1.b,NFR,Residual Oil (Refinery Fuel Oil),"",0.89,g/GJ,US EPA (1998); chapter 1.4,PM2.5,HERE,"",1,-23,-46,10,325.715301780233,GJ,2020-04-01,289.886618584407,g
1.56,mg/GJ,EMEP,Petroleum refining,Tier 2 Emission Factor,"Process Furnaces, Heaters and Boilers",Table_4-4,1.A.1.b,NFR,Residual Oil (Refinery Fuel Oil),"",0.00156,g/GJ,Concawe Report 9/16,Se,HERE,"",1,-23,-46,10,325.715301780233,GJ,2020-04-01,0.508115870777164,g
0.89,g/GJ,EMEP,Petroleum refining,Tier 2 Emission Factor,"Process Furnaces, Heaters and Boilers",Table_4-4,1.A.1.b,NFR,Residual Oil (Refinery Fuel Oil),"",0.89,g/GJ,US EPA (1998); chapter 1.4,TSP,HERE,"",1,-23,-46,10,325.715301780233,GJ,2020-04-01,289.886618584407,g
7.37,mg/GJ,EMEP,Petroleum refining,Tier 2 Emission Factor,"Process Furnaces, Heaters and Boilers",Table_4-4,1.A.1.b,NFR,Residual Oil (Refinery Fuel Oil),"",0.00737,g/GJ,Concawe Report 9/16,Ni,HERE,"",1,-23,-46,10,325.715301780233,GJ,2020-04-01,2.40052177412032,g
17,mg/GJ,EMEP,Petroleum refining,Tier 2 Emission Factor,"Process Furnaces, Heaters and Boilers",Table_4-4,1.A.1.b,NFR,Residual Oil (Refinery Fuel Oil),"",0.017,g/GJ,Concawe Report 9/16,Zn,HERE,"",1,-23,-46,10,325.715301780233,GJ,2020-04-01,5.53716013026396,g
1.14,µg/GJ,EMEP,Petroleum refining,Tier 2 Emission Factor,"Process Furnaces, Heaters and Boilers",Table_4-4,1.A.1.b,NFR,Residual Oil (Refinery Fuel Oil),"",1.14e-06,g/GJ,"API (1998, 2002)",Benzo(b)fluoranthene,HERE,"",1,-23,-46,10,325.715301780233,GJ,2020-04-01,0.000371315444029466,g
0.352,mg/GJ,EMEP,Petroleum refining,Tier 2 Emission Factor,"Process Furnaces, Heaters and Boilers",Table_4-4,1.A.1.b,NFR,Residual Oil (Refinery Fuel Oil),"",0.000352,g/GJ,Concawe Report 9/16,As,HERE,"",1,-23,-46,10,325.715301780233,GJ,2020-04-01,0.114651786226642,g
18.4,% of PM2.5,EMEP,Petroleum refining,Tier 2 Emission Factor,"Process Furnaces, Heaters and Boilers",Table_4-4,1.A.1.b,NFR,Residual Oil (Refinery Fuel Oil),"",18.4,% of PM2.5,US EPA (2011),BC,HERE,"",1,-23,-46,10,325.715301780233,GJ,2020-04-01,53.339137819531,g
0.669,µg/GJ,EMEP,Petroleum refining,Tier 2 Emission Factor,"Process Furnaces, Heaters and Boilers",Table_4-4,1.A.1.b,NFR,Residual Oil (Refinery Fuel Oil),"",6.69e-07,g/GJ,"API (1998, 2002)",Benzo(a)pyrene,HERE,"",1,-23,-46,10,325.715301780233,GJ,2020-04-01,0.000217903536890976,g
1.61,mg/GJ,EMEP,Petroleum refining,Tier 2 Emission Factor,"Process Furnaces, Heaters and Boilers",Table_4-4,1.A.1.b,NFR,Residual Oil (Refinery Fuel Oil),"",0.00161,g/GJ,Concawe Report 9/16,Pb,HERE,"",1,-23,-46,10,384.913935390736,GJ,2020-05-01,0.619711435979085,g
2.19,mg/GJ,EMEP,Petroleum refining,Tier 2 Emission Factor,"Process Furnaces, Heaters and Boilers",Table_4-4,1.A.1.b,NFR,Residual Oil (Refinery Fuel Oil),"",0.00219,g/GJ,Concawe Report 9/16,Cd,HERE,"",1,-23,-46,10,384.913935390736,GJ,2020-05-01,0.842961518505711,g
12.1,g/GJ,EMEP,Petroleum refining,Tier 2 Emission Factor,"Process Furnaces, Heaters and Boilers",Table_4-4,1.A.1.b,NFR,Residual Oil (Refinery Fuel Oil),"",12.1,g/GJ,Concawe (2015),CO,HERE,"",1,-23,-46,10,384.913935390736,GJ,2020-05-01,4657.4586182279,g
6.69,mg/GJ,EMEP,Petroleum refining,Tier 2 Emission Factor,"Process Furnaces, Heaters and Boilers",Table_4-4,1.A.1.b,NFR,Residual Oil (Refinery Fuel Oil),"",0.00669,g/GJ,Concawe Report 9/16,Cr,HERE,"",1,-23,-46,10,384.913935390736,GJ,2020-05-01,2.57507422776402,g
3.29,mg/GJ,EMEP,Petroleum refining,Tier 2 Emission Factor,"Process Furnaces, Heaters and Boilers",Table_4-4,1.A.1.b,NFR,Residual Oil (Refinery Fuel Oil),"",0.00329,g/GJ,Concawe Report 9/16,Cu,HERE,"",1,-23,-46,10,384.913935390736,GJ,2020-05-01,1.26636684743552,g
0.372,mg/GJ,EMEP,Petroleum refining,Tier 2 Emission Factor,"Process Furnaces, Heaters and Boilers",Table_4-4,1.A.1.b,NFR,Residual Oil (Refinery Fuel Oil),"",0.000372,g/GJ,Concawe Report 9/16,Hg,HERE,"",1,-23,-46,10,384.913935390736,GJ,2020-05-01,0.143187983965354,g
0.631,µg/GJ,EMEP,Petroleum refining,Tier 2 Emission Factor,"Process Furnaces, Heaters and Boilers",Table_4-4,1.A.1.b,NFR,Residual Oil (Refinery Fuel Oil),"",6.31e-07,g/GJ,"API (1998, 2002)","Indeno(1,2,3-cd)pyrene",HERE,"",1,-23,-46,10,384.913935390736,GJ,2020-05-01,0.000242880693231554,g
0.631,µg/GJ,EMEP,Petroleum refining,Tier 2 Emission Factor,"Process Furnaces, Heaters and Boilers",Table_4-4,1.A.1.b,NFR,Residual Oil (Refinery Fuel Oil),"",6.31e-07,g/GJ,"API (1998, 2002)",Benzo(k)fluoranthene,HERE,"",1,-23,-46,10,384.913935390736,GJ,2020-05-01,0.000242880693231554,g
63,g/GJ,EMEP,Petroleum refining,Tier 2 Emission Factor,"Process Furnaces, Heaters and Boilers",Table_4-4,1.A.1.b,NFR,Residual Oil (Refinery Fuel Oil),"",63,g/GJ,US EPA (1998); chapter 1.4,NOx,HERE,"",1,-23,-46,10,384.913935390736,GJ,2020-05-01,24249.5779296164,g
10.44,g/GJ,EMEP,Petroleum refining,Tier 2 Emission Factor,"Process Furnaces, Heaters and Boilers",Table_4-4,1.A.1.b,NFR,Residual Oil (Refinery Fuel Oil),"",10.44,g/GJ,UBA (2023),SOx,HERE,"",1,-23,-46,10,384.913935390736,GJ,2020-05-01,4018.50148547928,g
0.89,g/GJ,EMEP,Petroleum refining,Tier 2 Emission Factor,"Process Furnaces, Heaters and Boilers",Table_4-4,1.A.1.b,NFR,Residual Oil (Refinery Fuel Oil),"",0.89,g/GJ,US EPA (1998); chapter 1.4,PM10,HERE,"",1,-23,-46,10,384.913935390736,GJ,2020-05-01,342.573402497755,g
0.89,g/GJ,EMEP,Petroleum refining,Tier 2 Emission Factor,"Process Furnaces, Heaters and Boilers",Table_4-4,1.A.1.b,NFR,Residual Oil (Refinery Fuel Oil),"",0.89,g/GJ,US EPA (1998); chapter 1.4,PM2.5,HERE,"",1,-23,-46,10,384.913935390736,GJ,2020-05-01,342.573402497755,g
1.56,mg/GJ,EMEP,Petroleum refining,Tier 2 Emission Factor,"Process Furnaces, Heaters and Boilers",Table_4-4,1.A.1.b,NFR,Residual Oil (Refinery Fuel Oil),"",0.00156,g/GJ,Concawe Report 9/16,Se,HERE,"",1,-23,-46,10,384.913935390736,GJ,2020-05-01,0.600465739209548,g
0.89,g/GJ,EMEP,Petroleum refining,Tier 2 Emission Factor,"Process Furnaces, Heaters and Boilers",Table_4-4,1.A.1.b,NFR,Residual Oil (Refinery Fuel Oil),"",0.89,g/GJ,US EPA (1998); chapter 1.4,TSP,HERE,"",1,-23,-46,10,384.913935390736,GJ,2020-05-01,342.573402497755,g
7.37,mg/GJ,EMEP,Petroleum refining,Tier 2 Emission Factor,"Process Furnaces, Heaters and Boilers",Table_4-4,1.A.1.b,NFR,Residual Oil (Refinery Fuel Oil),"",0.00737,g/GJ,Concawe Report 9/16,Ni,HERE,"",1,-23,-46,10,384.913935390736,GJ,2020-05-01,2.83681570382972,g
17,mg/GJ,EMEP,Petroleum refining,Tier 2 Emission Factor,"Process Furnaces, Heaters and Boilers",Table_4-4,1.A.1.b,NFR,Residual Oil (Refinery Fuel Oil),"",0.017,g/GJ,Concawe Report 9/16,Zn,HERE,"",1,-23,-46,10,384.913935390736,GJ,2020-05-01,6.54353690164251,g
1.14,µg/GJ,EMEP,Petroleum refining,Tier 2 Emission Factor,"Process Furnaces, Heaters and Boilers",Table_4-4,1.A.1.b,NFR,Residual Oil (Refinery Fuel Oil),"",1.14e-06,g/GJ,"API (1998, 2002)",Benzo(b)fluoranthene,HERE,"",1,-23,-46,10,384.913935390736,GJ,2020-05-01,0.000438801886345439,g
0.352,mg/GJ,EMEP,Petroleum refining,Tier 2 Emission Factor,"Process Furnaces, Heaters and Boilers",Table_4-4,1.A.1.b,NFR,Residual Oil (Refinery Fuel Oil),"",0.000352,g/GJ,Concawe Report 9/16,As,HERE,"",1,-23,-46,10,384.913935390736,GJ,2020-05-01,0.135489705257539,g
18.4,% of PM2.5,EMEP,Petroleum refining,Tier 2 Emission Factor,"Process Furnaces, Heaters and Boilers",Table_4-4,1.A.1.b,NFR,Residual Oil (Refinery Fuel Oil),"",18.4,% of PM2.5,US EPA (2011),BC,HERE,"",1,-23,-46,10,384.913935390736,GJ,2020-05-01,63.0335060595869,g
0.669,µg/GJ,EMEP,Petroleum refining,Tier 2 Emission Factor,"Process Furnaces, Heaters and Boilers",Table_4-4,1.A.1.b,NFR,Residual Oil (Refinery Fuel Oil),"",6.69e-07,g/GJ,"API (1998, 2002)",Benzo(a)pyrene,HERE,"",1,-23,-46,10,384.913935390736,GJ,2020-05-01,0.000257507422776402,g
1.61,mg/GJ,EMEP,Petroleum refining,Tier 2 Emission Factor,"Process Furnaces, Heaters and Boilers",Table_4-4,1.A.1.b,NFR,Residual Oil (Refinery Fuel Oil),"",0.00161,g/GJ,Concawe Report 9/16,Pb,HERE,"",1,-23,-46,10,463.534194368677,GJ,2020-06-01,0.74629005293357,g
2.19,mg/GJ,EMEP,Petroleum refining,Tier 2 Emission Factor,"Process Furnaces, Heaters and Boilers",Table_4-4,1.A.1.b,NFR,Residual Oil (Refinery Fuel Oil),"",0.00219,g/GJ,Concawe Report 9/16,Cd,HERE,"",1,-23,-46,10,463.534194368677,GJ,2020-06-01,1.0151398856674,g
12.1,g/GJ,EMEP,Petroleum refining,Tier 2 Emission Factor,"Process Furnaces, Heaters and Boilers",Table_4-4,1.A.1.b,NFR,Residual Oil (Refinery Fuel Oil),"",12.1,g/GJ,Concawe (2015),CO,HERE,"",1,-23,-46,10,463.534194368677,GJ,2020-06-01,5608.76375186099,g
6.69,mg/GJ,EMEP,Petroleum refining,Tier 2 Emission Factor,"Process Furnaces, Heaters and Boilers",Table_4-4,1.A.1.b,NFR,Residual Oil (Refinery Fuel Oil),"",0.00669,g/GJ,Concawe Report 9/16,Cr,HERE,"",1,-23,-46,10,463.534194368677,GJ,2020-06-01,3.10104376032645,g
3.29,mg/GJ,EMEP,Petroleum refining,Tier 2 Emission Factor,"Process Furnaces, Heaters and Boilers",Table_4-4,1.A.1.b,NFR,Residual Oil (Refinery Fuel Oil),"",0.00329,g/GJ,Concawe Report 9/16,Cu,HERE,"",1,-23,-46,10,463.534194368677,GJ,2020-06-01,1.52502749947295,g
0.372,mg/GJ,EMEP,Petroleum refining,Tier 2 Emission Factor,"Process Furnaces, Heaters and Boilers",Table_4-4,1.A.1.b,NFR,Residual Oil (Refinery Fuel Oil),"",0.000372,g/GJ,Concawe Report 9/16,Hg,HERE,"",1,-23,-46,10,463.534194368677,GJ,2020-06-01,0.172434720305148,g
0.631,µg/GJ,EMEP,Petroleum refining,Tier 2 Emission Factor,"Process Furnaces, Heaters and Boilers",Table_4-4,1.A.1.b,NFR,Residual Oil (Refinery Fuel Oil),"",6.31e-07,g/GJ,"API (1998, 2002)","Indeno(1,2,3-cd)pyrene",HERE,"",1,-23,-46,10,463.534194368677,GJ,2020-06-01,0.000292490076646635,g
0.631,µg/GJ,EMEP,Petroleum refining,Tier 2 Emission Factor,"Process Furnaces, Heaters and Boilers",Table_4-4,1.A.1.b,NFR,Residual Oil (Refinery Fuel Oil),"",6.31e-07,g/GJ,"API (1998, 2002)",Benzo(k)fluoranthene,HERE,"",1,-23,-46,10,463.534194368677,GJ,2020-06-01,0.000292490076646635,g
63,g/GJ,EMEP,Petroleum refining,Tier 2 Emission Factor,"Process Furnaces, Heaters and Boilers",Table_4-4,1.A.1.b,NFR,Residual Oil (Refinery Fuel Oil),"",63,g/GJ,US EPA (1998); chapter 1.4,NOx,HERE,"",1,-23,-46,10,463.534194368677,GJ,2020-06-01,29202.6542452266,g
10.44,g/GJ,EMEP,Petroleum refining,Tier 2 Emission Factor,"Process Furnaces, Heaters and Boilers",Table_4-4,1.A.1.b,NFR,Residual Oil (Refinery Fuel Oil),"",10.44,g/GJ,UBA (2023),SOx,HERE,"",1,-23,-46,10,463.534194368677,GJ,2020-06-01,4839.29698920899,g
0.89,g/GJ,EMEP,Petroleum refining,Tier 2 Emission Factor,"Process Furnaces, Heaters and Boilers",Table_4-4,1.A.1.b,NFR,Residual Oil (Refinery Fuel Oil),"",0.89,g/GJ,US EPA (1998); chapter 1.4,PM10,HERE,"",1,-23,-46,10,463.534194368677,GJ,2020-06-01,412.545432988123,g
0.89,g/GJ,EMEP,Petroleum refining,Tier 2 Emission Factor,"Process Furnaces, Heaters and Boilers",Table_4-4,1.A.1.b,NFR,Residual Oil (Refinery Fuel Oil),"",0.89,g/GJ,US EPA (1998); chapter 1.4,PM2.5,HERE,"",1,-23,-46,10,463.534194368677,GJ,2020-06-01,412.545432988123,g
1.56,mg/GJ,EMEP,Petroleum refining,Tier 2 Emission Factor,"Process Furnaces, Heaters and Boilers",Table_4-4,1.A.1.b,NFR,Residual Oil (Refinery Fuel Oil),"",0.00156,g/GJ,Concawe Report 9/16,Se,HERE,"",1,-23,-46,10,463.534194368677,GJ,2020-06-01,0.723113343215136,g
0.89,g/GJ,EMEP,Petroleum refining,Tier 2 Emission Factor,"Process Furnaces, Heaters and Boilers",Table_4-4,1.A.1.b,NFR,Residual Oil (Refinery Fuel Oil),"",0.89,g/GJ,US EPA (1998); chapter 1.4,TSP,HERE,"",1,-23,-46,10,463.534194368677,GJ,2020-06-01,412.545432988123,g
7.37,mg/GJ,EMEP,Petroleum refining,Tier 2 Emission Factor,"Process Furnaces, Heaters and Boilers",Table_4-4,1.A.1.b,NFR,Residual Oil (Refinery Fuel Oil),"",0.00737,g/GJ,Concawe Report 9/16,Ni,HERE,"",1,-23,-46,10,463.534194368677,GJ,2020-06-01,3.41624701249715,g
17,mg/GJ,EMEP,Petroleum refining,Tier 2 Emission Factor,"Process Furnaces, Heaters and Boilers",Table_4-4,1.A.1.b,NFR,Residual Oil (Refinery Fuel Oil),"",0.017,g/GJ,Concawe Report 9/16,Zn,HERE,"",1,-23,-46,10,463.534194368677,GJ,2020-06-01,7.88008130426751,g
1.14,µg/GJ,EMEP,Petroleum refining,Tier 2 Emission Factor,"Process Furnaces, Heaters and Boilers",Table_4-4,1.A.1.b,NFR,Residual Oil (Refinery Fuel Oil),"",1.14e-06,g/GJ,"API (1998, 2002)",Benzo(b)fluoranthene,HERE,"",1,-23,-46,10,463.534194368677,GJ,2020-06-01,0.000528428981580292,g
0.352,mg/GJ,EMEP,Petroleum refining,Tier 2 Emission Factor,"Process Furnaces, Heaters and Boilers",Table_4-4,1.A.1.b,NFR,Residual Oil (Refinery Fuel Oil),"",0.000352,g/GJ,Concawe Report 9/16,As,HERE,"",1,-23,-46,10,463.534194368677,GJ,2020-06-01,0.163164036417774,g
18.4,% of PM2.5,EMEP,Petroleum refining,Tier 2 Emission Factor,"Process Furnaces, Heaters and Boilers",Table_4-4,1.A.1.b,NFR,Residual Oil (Refinery Fuel Oil),"",18.4,% of PM2.5,US EPA (2011),BC,HERE,"",1,-23,-46,10,463.534194368677,GJ,2020-06-01,75.9083596698145,g
0.669,µg/GJ,EMEP,Petroleum refining,Tier 2 Emission Factor,"Process Furnaces, Heaters and Boilers",Table_4-4,1.A.1.b,NFR,Residual Oil (Refinery Fuel Oil),"",6.69e-07,g/GJ,"API (1998, 2002)",Benzo(a)pyrene,HERE,"",1,-23,-46,10,463.534194368677,GJ,2020-06-01,0.000310104376032645,g
1.61,mg/GJ,EMEP,Petroleum refining,Tier 2 Emission Factor,"Process Furnaces, Heaters and Boilers",Table_4-4,1.A.1.b,NFR,Residual Oil (Refinery Fuel Oil),"",0.00161,g/GJ,Concawe Report 9/16,Pb,HERE,"",1,-23,-46,10,574.68847779627,GJ,2020-07-01,0.925248449251994,g
2.19,mg/GJ,EMEP,Petroleum refining,Tier 2 Emission Factor,"Process Furnaces, Heaters and Boilers",Table_4-4,1.A.1.b,NFR,Residual Oil (Refinery Fuel Oil),"",0.00219,g/GJ,Concawe Report 9/16,Cd,HERE,"",1,-23,-46,10,574.68847779627,GJ,2020-07-01,1.25856776637383,g
12.1,g/GJ,EMEP,Petroleum refining,Tier 2 Emission Factor,"Process Furnaces, Heaters and Boilers",Table_4-4,1.A.1.b,NFR,Residual Oil (Refinery Fuel Oil),"",12.1,g/GJ,Concawe (2015),CO,HERE,"",1,-23,-46,10,574.68847779627,GJ,2020-07-01,6953.73058133486,g
6.69,mg/GJ,EMEP,Petroleum refining,Tier 2 Emission Factor,"Process Furnaces, Heaters and Boilers",Table_4-4,1.A.1.b,NFR,Residual Oil (Refinery Fuel Oil),"",0.00669,g/GJ,Concawe Report 9/16,Cr,HERE,"",1,-23,-46,10,574.68847779627,GJ,2020-07-01,3.84466591645704,g
3.29,mg/GJ,EMEP,Petroleum refining,Tier 2 Emission Factor,"Process Furnaces, Heaters and Boilers",Table_4-4,1.A.1.b,NFR,Residual Oil (Refinery Fuel Oil),"",0.00329,g/GJ,Concawe Report 9/16,Cu,HERE,"",1,-23,-46,10,574.68847779627,GJ,2020-07-01,1.89072509194973,g
0.372,mg/GJ,EMEP,Petroleum refining,Tier 2 Emission Factor,"Process Furnaces, Heaters and Boilers",Table_4-4,1.A.1.b,NFR,Residual Oil (Refinery Fuel Oil),"",0.000372,g/GJ,Concawe Report 9/16,Hg,HERE,"",1,-23,-46,10,574.68847779627,GJ,2020-07-01,0.213784113740212,g
0.631,µg/GJ,EMEP,Petroleum refining,Tier 2 Emission Factor,"Process Furnaces, Heaters and Boilers",Table_4-4,1.A.1.b,NFR,Residual Oil (Refinery Fuel Oil),"",6.31e-07,g/GJ,"API (1998, 2002)","Indeno(1,2,3-cd)pyrene",HERE,"",1,-23,-46,10,574.68847779627,GJ,2020-07-01,0.000362628429489446,g
0.631,µg/GJ,EMEP,Petroleum refining,Tier 2 Emission Factor,"Process Furnaces, Heaters and Boilers",Table_4-4,1.A.1.b,NFR,Residual Oil (Refinery Fuel Oil),"",6.31e-07,g/GJ,"API (1998, 2002)",Benzo(k)fluoranthene,HERE,"",1,-23,-46,10,574.68847779627,GJ,2020-07-01,0.000362628429489446,g
63,g/GJ,EMEP,Petroleum refining,Tier 2 Emission Factor,"Process Furnaces, Heaters and Boilers",Table_4-4,1.A.1.b,NFR,Residual Oil (Refinery Fuel Oil),"",63,g/GJ,US EPA (1998); chapter 1.4,NOx,HERE,"",1,-23,-46,10,574.68847779627,GJ,2020-07-01,36205.374101165,g
10.44,g/GJ,EMEP,Petroleum refining,Tier 2 Emission Factor,"Process Furnaces, Heaters and Boilers",Table_4-4,1.A.1.b,NFR,Residual Oil (Refinery Fuel Oil),"",10.44,g/GJ,UBA (2023),SOx,HERE,"",1,-23,-46,10,574.68847779627,GJ,2020-07-01,5999.74770819306,g
0.89,g/GJ,EMEP,Petroleum refining,Tier 2 Emission Factor,"Process Furnaces, Heaters and Boilers",Table_4-4,1.A.1.b,NFR,Residual Oil (Refinery Fuel Oil),"",0.89,g/GJ,US EPA (1998); chapter 1.4,PM10,HERE,"",1,-23,-46,10,574.68847779627,GJ,2020-07-01,511.47274523868,g
0.89,g/GJ,EMEP,Petroleum refining,Tier 2 Emission Factor,"Process Furnaces, Heaters and Boilers",Table_4-4,1.A.1.b,NFR,Residual Oil (Refinery Fuel Oil),"",0.89,g/GJ,US EPA (1998); chapter 1.4,PM2.5,HERE,"",1,-23,-46,10,574.68847779627,GJ,2020-07-01,511.47274523868,g
1.56,mg/GJ,EMEP,Petroleum refining,Tier 2 Emission Factor,"Process Furnaces, Heaters and Boilers",Table_4-4,1.A.1.b,NFR,Residual Oil (Refinery Fuel Oil),"",0.00156,g/GJ,Concawe Report 9/16,Se,HERE,"",1,-23,-46,10,574.68847779627,GJ,2020-07-01,0.896514025362181,g
0.89,g/GJ,EMEP,Petroleum refining,Tier 2 Emission Factor,"Process Furnaces, Heaters and Boilers",Table_4-4,1.A.1.b,NFR,Residual Oil (Refinery Fuel Oil),"",0.89,g/GJ,US EPA (1998); chapter 1.4,TSP,HERE,"",1,-23,-46,10,574.68847779627,GJ,2020-07-01,511.47274523868,g
7.37,mg/GJ,EMEP,Petroleum refining,Tier 2 Emission Factor,"Process Furnaces, Heaters and Boilers",Table_4-4,1.A.1.b,NFR,Residual Oil (Refinery Fuel Oil),"",0.00737,g/GJ,Concawe Report 9/16,Ni,HERE,"",1,-23,-46,10,574.68847779627,GJ,2020-07-01,4.23545408135851,g
17,mg/GJ,EMEP,Petroleum refining,Tier 2 Emission Factor,"Process Furnaces, Heaters and Boilers",Table_4-4,1.A.1.b,NFR,Residual Oil (Refinery Fuel Oil),"",0.017,g/GJ,Concawe Report 9/16,Zn,HERE,"",1,-23,-46,10,574.68847779627,GJ,2020-07-01,9.76970412253659,g
1.14,µg/GJ,EMEP,Petroleum refining,Tier 2 Emission Factor,"Process Furnaces, Heaters and Boilers",Table_4-4,1.A.1.b,NFR,Residual Oil (Refinery Fuel Oil),"",1.14e-06,g/GJ,"API (1998, 2002)",Benzo(b)fluoranthene,HERE,"",1,-23,-46,10,574.68847779627,GJ,2020-07-01,0.000655144864687747,g
0.352,mg/GJ,EMEP,Petroleum refining,Tier 2 Emission Factor,"Process Furnaces, Heaters and Boilers",Table_4-4,1.A.1.b,NFR,Residual Oil (Refinery Fuel Oil),"",0.000352,g/GJ,Concawe Report 9/16,As,HERE,"",1,-23,-46,10,574.68847779627,GJ,2020-07-01,0.202290344184287,g
18.4,% of PM2.5,EMEP,Petroleum refining,Tier 2 Emission Factor,"Process Furnaces, Heaters and Boilers",Table_4-4,1.A.1.b,NFR,Residual Oil (Refinery Fuel Oil),"",18.4,% of PM2.5,US EPA (2011),BC,HERE,"",1,-23,-46,10,574.68847779627,GJ,2020-07-01,94.1109851239171,g
0.669,µg/GJ,EMEP,Petroleum refining,Tier 2 Emission Factor,"Process Furnaces, Heaters and Boilers",Table_4-4,1.A.1.b,NFR,Residual Oil (Refinery Fuel Oil),"",6.69e-07,g/GJ,"API (1998, 2002)",Benzo(a)pyrene,HERE,"",1,-23,-46,10,574.68847779627,GJ,2020-07-01,0.000384466591645704,g
1.61,mg/GJ,EMEP,Petroleum refining,Tier 2 Emission Factor,"Process Furnaces, Heaters and Boilers",Table_4-4,1.A.1.b,NFR,Residual Oil (Refinery Fuel Oil),"",0.00161,g/GJ,Concawe Report 9/16,Pb,HERE,"",1,-23,-46,10,595.540375632239,GJ,2020-08-01,0.958820004767905,g
2.19,mg/GJ,EMEP,Petroleum refining,Tier 2 Emission Factor,"Process Furnaces, Heaters and Boilers",Table_4-4,1.A.1.b,NFR,Residual Oil (Refinery Fuel Oil),"",0.00219,g/GJ,Concawe Report 9/16,Cd,HERE,"",1,-23,-46,10,595.540375632239,GJ,2020-08-01,1.3042334226346,g
12.1,g/GJ,EMEP,Petroleum refining,Tier 2 Emission Factor,"Process Furnaces, Heaters and Boilers",Table_4-4,1.A.1.b,NFR,Residual Oil (Refinery Fuel Oil),"",12.1,g/GJ,Concawe (2015),CO,HERE,"",1,-23,-46,10,595.540375632239,GJ,2020-08-01,7206.03854515009,g
6.69,mg/GJ,EMEP,Petroleum refining,Tier 2 Emission Factor,"Process Furnaces, Heaters and Boilers",Table_4-4,1.A.1.b,NFR,Residual Oil (Refinery Fuel Oil),"",0.00669,g/GJ,Concawe Report 9/16,Cr,HERE,"",1,-23,-46,10,595.540375632239,GJ,2020-08-01,3.98416511297968,g
3.29,mg/GJ,EMEP,Petroleum refining,Tier 2 Emission Factor,"Process Furnaces, Heaters and Boilers",Table_4-4,1.A.1.b,NFR,Residual Oil (Refinery Fuel Oil),"",0.00329,g/GJ,Concawe Report 9/16,Cu,HERE,"",1,-23,-46,10,595.540375632239,GJ,2020-08-01,1.95932783583007,g
0.372,mg/GJ,EMEP,Petroleum refining,Tier 2 Emission Factor,"Process Furnaces, Heaters and Boilers",Table_4-4,1.A.1.b,NFR,Residual Oil (Refinery Fuel Oil),"",0.000372,g/GJ,Concawe Report 9/16,Hg,HERE,"",1,-23,-46,10,595.540375632239,GJ,2020-08-01,0.221541019735193,g
0.631,µg/GJ,EMEP,Petroleum refining,Tier 2 Emission Factor,"Process Furnaces, Heaters and Boilers",Table_4-4,1.A.1.b,NFR,Residual Oil (Refinery Fuel Oil),"",6.31e-07,g/GJ,"API (1998, 2002)","Indeno(1,2,3-cd)pyrene",HERE,"",1,-23,-46,10,595.540375632239,GJ,2020-08-01,0.000375785977023943,g
0.631,µg/GJ,EMEP,Petroleum refining,Tier 2 Emission Factor,"Process Furnaces, Heaters and Boilers",Table_4-4,1.A.1.b,NFR,Residual Oil (Refinery Fuel Oil),"",6.31e-07,g/GJ,"API (1998, 2002)",Benzo(k)fluoranthene,HERE,"",1,-23,-46,10,595.540375632239,GJ,2020-08-01,0.000375785977023943,g
63,g/GJ,EMEP,Petroleum refining,Tier 2 Emission Factor,"Process Furnaces, Heaters and Boilers",Table_4-4,1.A.1.b,NFR,Residual Oil (Refinery Fuel Oil),"",63,g/GJ,US EPA (1998); chapter 1.4,NOx,HERE,"",1,-23,-46,10,595.540375632239,GJ,2020-08-01,37519.043664831,g
10.44,g/GJ,EMEP,Petroleum refining,Tier 2 Emission Factor,"Process Furnaces, Heaters and Boilers",Table_4-4,1.A.1.b,NFR,Residual Oil (Refinery Fuel Oil),"",10.44,g/GJ,UBA (2023),SOx,HERE,"",1,-23,-46,10,595.540375632239,GJ,2020-08-01,6217.44152160057,g
0.89,g/GJ,EMEP,Petroleum refining,Tier 2 Emission Factor,"Process Furnaces, Heaters and Boilers",Table_4-4,1.A.1.b,NFR,Residual Oil (Refinery Fuel Oil),"",0.89,g/GJ,US EPA (1998); chapter 1.4,PM10,HERE,"",1,-23,-46,10,595.540375632239,GJ,2020-08-01,530.030934312693,g
0.89,g/GJ,EMEP,Petroleum refining,Tier 2 Emission Factor,"Process Furnaces, Heaters and Boilers",Table_4-4,1.A.1.b,NFR,Residual Oil (Refinery Fuel Oil),"",0.89,g/GJ,US EPA (1998); chapter 1.4,PM2.5,HERE,"",1,-23,-46,10,595.540375632239,GJ,2020-08-01,530.030934312693,g
1.56,mg/GJ,EMEP,Petroleum refining,Tier 2 Emission Factor,"Process Furnaces, Heaters and Boilers",Table_4-4,1.A.1.b,NFR,Residual Oil (Refinery Fuel Oil),"",0.00156,g/GJ,Concawe Report 9/16,Se,HERE,"",1,-23,-46,10,595.540375632239,GJ,2020-08-01,0.929042985986293,g
0.89,g/GJ,EMEP,Petroleum refining,Tier 2 Emission Factor,"Process Furnaces, Heaters and Boilers",Table_4-4,1.A.1.b,NFR,Residual Oil (Refinery Fuel Oil),"",0.89,g/GJ,US EPA (1998); chapter 1.4,TSP,HERE,"",1,-23,-46,10,595.540375632239,GJ,2020-08-01,530.030934312693,g
7.37,mg/GJ,EMEP,Petroleum refining,Tier 2 Emission Factor,"Process Furnaces, Heaters and Boilers",Table_4-4,1.A.1.b,NFR,Residual Oil (Refinery Fuel Oil),"",0.00737,g/GJ,Concawe Report 9/16,Ni,HERE,"",1,-23,-46,10,595.540375632239,GJ,2020-08-01,4.3891325684096,g
17,mg/GJ,EMEP,Petroleum refining,Tier 2 Emission Factor,"Process Furnaces, Heaters and Boilers",Table_4-4,1.A.1.b,NFR,Residual Oil (Refinery Fuel Oil),"",0.017,g/GJ,Concawe Report 9/16,Zn,HERE,"",1,-23,-46,10,595.540375632239,GJ,2020-08-01,10.1241863857481,g
1.14,µg/GJ,EMEP,Petroleum refining,Tier 2 Emission Factor,"Process Furnaces, Heaters and Boilers",Table_4-4,1.A.1.b,NFR,Residual Oil (Refinery Fuel Oil),"",1.14e-06,g/GJ,"API (1998, 2002)",Benzo(b)fluoranthene,HERE,"",1,-23,-46,10,595.540375632239,GJ,2020-08-01,0.000678916028220752,g
0.352,mg/GJ,EMEP,Petroleum refining,Tier 2 Emission Factor,"Process Furnaces, Heaters and Boilers",Table_4-4,1.A.1.b,NFR,Residual Oil (Refinery Fuel Oil),"",0.000352,g/GJ,Concawe Report 9/16,As,HERE,"",1,-23,-46,10,595.540375632239,GJ,2020-08-01,0.209630212222548,g
18.4,% of PM2.5,EMEP,Petroleum refining,Tier 2 Emission Factor,"Process Furnaces, Heaters and Boilers",Table_4-4,1.A.1.b,NFR,Residual Oil (Refinery Fuel Oil),"",18.4,% of PM2.5,US EPA (2011),BC,HERE,"",1,-23,-46,10,595.540375632239,GJ,2020-08-01,97.5256919135354,g
0.669,µg/GJ,EMEP,Petroleum refining,Tier 2 Emission Factor,"Process Furnaces, Heaters and Boilers",Table_4-4,1.A.1.b,NFR,Residual Oil (Refinery Fuel Oil),"",6.69e-07,g/GJ,"API (1998, 2002)",Benzo(a)pyrene,HERE,"",1,-23,-46,10,595.540375632239,GJ,2020-08-01,0.000398416511297968,g
1.61,mg/GJ,EMEP,Petroleum refining,Tier 2 Emission Factor,"Process Furnaces, Heaters and Boilers",Table_4-4,1.A.1.b,NFR,Residual Oil (Refinery Fuel Oil),"",0.00161,g/GJ,Concawe Report 9/16,Pb,HERE,"",1,-23,-46,10,496.978654214402,GJ,2020-09-01,0.800135633285188,g
2.19,mg/GJ,EMEP,Petroleum refining,Tier 2 Emission Factor,"Process Furnaces, Heaters and Boilers",Table_4-4,1.A.1.b,NFR,Residual Oil (Refinery Fuel Oil),"",0.00219,g/GJ,Concawe Report 9/16,Cd,HERE,"",1,-23,-46,10,496.978654214402,GJ,2020-09-01,1.08838325272954,g
12.1,g/GJ,EMEP,Petroleum refining,Tier 2 Emission Factor,"Process Furnaces, Heaters and Boilers",Table_4-4,1.A.1.b,NFR,Residual Oil (Refinery Fuel Oil),"",12.1,g/GJ,Concawe (2015),CO,HERE,"",1,-23,-46,10,496.978654214402,GJ,2020-09-01,6013.44171599427,g
6.69,mg/GJ,EMEP,Petroleum refining,Tier 2 Emission Factor,"Process Furnaces, Heaters and Boilers",Table_4-4,1.A.1.b,NFR,Residual Oil (Refinery Fuel Oil),"",0.00669,g/GJ,Concawe Report 9/16,Cr,HERE,"",1,-23,-46,10,496.978654214402,GJ,2020-09-01,3.32478719669435,g
3.29,mg/GJ,EMEP,Petroleum refining,Tier 2 Emission Factor,"Process Furnaces, Heaters and Boilers",Table_4-4,1.A.1.b,NFR,Residual Oil (Refinery Fuel Oil),"",0.00329,g/GJ,Concawe Report 9/16,Cu,HERE,"",1,-23,-46,10,496.978654214402,GJ,2020-09-01,1.63505977236538,g
0.372,mg/GJ,EMEP,Petroleum refining,Tier 2 Emission Factor,"Process Furnaces, Heaters and Boilers",Table_4-4,1.A.1.b,NFR,Residual Oil (Refinery Fuel Oil),"",0.000372,g/GJ,Concawe Report 9/16,Hg,HERE,"",1,-23,-46,10,496.978654214402,GJ,2020-09-01,0.184876059367758,g
0.631,µg/GJ,EMEP,Petroleum refining,Tier 2 Emission Factor,"Process Furnaces, Heaters and Boilers",Table_4-4,1.A.1.b,NFR,Residual Oil (Refinery Fuel Oil),"",6.31e-07,g/GJ,"API (1998, 2002)","Indeno(1,2,3-cd)pyrene",HERE,"",1,-23,-46,10,496.978654214402,GJ,2020-09-01,0.000313593530809288,g
0.631,µg/GJ,EMEP,Petroleum refining,Tier 2 Emission Factor,"Process Furnaces, Heaters and Boilers",Table_4-4,1.A.1.b,NFR,Residual Oil (Refinery Fuel Oil),"",6.31e-07,g/GJ,"API (1998, 2002)",Benzo(k)fluoranthene,HERE,"",1,-23,-46,10,496.978654214402,GJ,2020-09-01,0.000313593530809288,g
63,g/GJ,EMEP,Petroleum refining,Tier 2 Emission Factor,"Process Furnaces, Heaters and Boilers",Table_4-4,1.A.1.b,NFR,Residual Oil (Refinery Fuel Oil),"",63,g/GJ,US EPA (1998); chapter 1.4,NOx,HERE,"",1,-23,-46,10,496.978654214402,GJ,2020-09-01,31309.6552155073,g
10.44,g/GJ,EMEP,Petroleum refining,Tier 2 Emission Factor,"Process Furnaces, Heaters and Boilers",Table_4-4,1.A.1.b,NFR,Residual Oil (Refinery Fuel Oil),"",10.44,g/GJ,UBA (2023),SOx,HERE,"",1,-23,-46,10,496.978654214402,GJ,2020-09-01,5188.45714999836,g
0.89,g/GJ,EMEP,Petroleum refining,Tier 2 Emission Factor,"Process Furnaces, Heaters and Boilers",Table_4-4,1.A.1.b,NFR,Residual Oil (Refinery Fuel Oil),"",0.89,g/GJ,US EPA (1998); chapter 1.4,PM10,HERE,"",1,-23,-46,10,496.978654214402,GJ,2020-09-01,442.311002250818,g
0.89,g/GJ,EMEP,Petroleum refining,Tier 2 Emission Factor,"Process Furnaces, Heaters and Boilers",Table_4-4,1.A.1.b,NFR,Residual Oil (Refinery Fuel Oil),"",0.89,g/GJ,US EPA (1998); chapter 1.4,PM2.5,HERE,"",1,-23,-46,10,496.978654214402,GJ,2020-09-01,442.311002250818,g
1.56,mg/GJ,EMEP,Petroleum refining,Tier 2 Emission Factor,"Process Furnaces, Heaters and Boilers",Table_4-4,1.A.1.b,NFR,Residual Oil (Refinery Fuel Oil),"",0.00156,g/GJ,Concawe Report 9/16,Se,HERE,"",1,-23,-46,10,496.978654214402,GJ,2020-09-01,0.775286700574467,g
0.89,g/GJ,EMEP,Petroleum refining,Tier 2 Emission Factor,"Process Furnaces, Heaters and Boilers",Table_4-4,1.A.1.b,NFR,Residual Oil (Refinery Fuel Oil),"",0.89,g/GJ,US EPA (1998); chapter 1.4,TSP,HERE,"",1,-23,-46,10,496.978654214402,GJ,2020-09-01,442.311002250818,g
7.37,mg/GJ,EMEP,Petroleum refining,Tier 2 Emission Factor,"Process Furnaces, Heaters and Boilers",Table_4-4,1.A.1.b,NFR,Residual Oil (Refinery Fuel Oil),"",0.00737,g/GJ,Concawe Report 9/16,Ni,HERE,"",1,-23,-46,10,496.978654214402,GJ,2020-09-01,3.66273268156014,g
17,mg/GJ,EMEP,Petroleum refining,Tier 2 Emission Factor,"Process Furnaces, Heaters and Boilers",Table_4-4,1.A.1.b,NFR,Residual Oil (Refinery Fuel Oil),"",0.017,g/GJ,Concawe Report 9/16,Zn,HERE,"",1,-23,-46,10,496.978654214402,GJ,2020-09-01,8.44863712164484,g
1.14,µg/GJ,EMEP,Petroleum refining,Tier 2 Emission Factor,"Process Furnaces, Heaters and Boilers",Table_4-4,1.A.1.b,NFR,Residual Oil (Refinery Fuel Oil),"",1.14e-06,g/GJ,"API (1998, 2002)",Benzo(b)fluoranthene,HERE,"",1,-23,-46,10,496.978654214402,GJ,2020-09-01,0.000566555665804419,g
0.352,mg/GJ,EMEP,Petroleum refining,Tier 2 Emission Factor,"Process Furnaces, Heaters and Boilers",Table_4-4,1.A.1.b,NFR,Residual Oil (Refinery Fuel Oil),"",0.000352,g/GJ,Concawe Report 9/16,As,HERE,"",1,-23,-46,10,496.978654214402,GJ,2020-09-01,0.17493648628347,g
18.4,% of PM2.5,EMEP,Petroleum refining,Tier 2 Emission Factor,"Process Furnaces, Heaters and Boilers",Table_4-4,1.A.1.b,NFR,Residual Oil (Refinery Fuel Oil),"",18.4,% of PM2.5,US EPA (2011),BC,HERE,"",1,-23,-46,10,496.978654214402,GJ,2020-09-01,81.3852244141505,g
0.669,µg/GJ,EMEP,Petroleum refining,Tier 2 Emission Factor,"Process Furnaces, Heaters and Boilers",Table_4-4,1.A.1.b,NFR,Residual Oil (Refinery Fuel Oil),"",6.69e-07,g/GJ,"API (1998, 2002)",Benzo(a)pyrene,HERE,"",1,-23,-46,10,496.978654214402,GJ,2020-09-01,0.000332478719669435,g
1.61,mg/GJ,EMEP,Petroleum refining,Tier 2 Emission Factor,"Process Furnaces, Heaters and Boilers",Table_4-4,1.A.1.b,NFR,Residual Oil (Refinery Fuel Oil),"",0.00161,g/GJ,Concawe Report 9/16,Pb,HERE,"",1,-23,-46,10,494.749165057912,GJ,2020-10-01,0.796546155743238,g
2.19,mg/GJ,EMEP,Petroleum refining,Tier 2 Emission Factor,"Process Furnaces, Heaters and Boilers",Table_4-4,1.A.1.b,NFR,Residual Oil (Refinery Fuel Oil),"",0.00219,g/GJ,Concawe Report 9/16,Cd,HERE,"",1,-23,-46,10,494.749165057912,GJ,2020-10-01,1.08350067147683,g
12.1,g/GJ,EMEP,Petroleum refining,Tier 2 Emission Factor,"Process Furnaces, Heaters and Boilers",Table_4-4,1.A.1.b,NFR,Residual Oil (Refinery Fuel Oil),"",12.1,g/GJ,Concawe (2015),CO,HERE,"",1,-23,-46,10,494.749165057912,GJ,2020-10-01,5986.46489720073,g
6.69,mg/GJ,EMEP,Petroleum refining,Tier 2 Emission Factor,"Process Furnaces, Heaters and Boilers",Table_4-4,1.A.1.b,NFR,Residual Oil (Refinery Fuel Oil),"",0.00669,g/GJ,Concawe Report 9/16,Cr,HERE,"",1,-23,-46,10,494.749165057912,GJ,2020-10-01,3.30987191423743,g
3.29,mg/GJ,EMEP,Petroleum refining,Tier 2 Emission Factor,"Process Furnaces, Heaters and Boilers",Table_4-4,1.A.1.b,NFR,Residual Oil (Refinery Fuel Oil),"",0.00329,g/GJ,Concawe Report 9/16,Cu,HERE,"",1,-23,-46,10,494.749165057912,GJ,2020-10-01,1.62772475304053,g
0.372,mg/GJ,EMEP,Petroleum refining,Tier 2 Emission Factor,"Process Furnaces, Heaters and Boilers",Table_4-4,1.A.1.b,NFR,Residual Oil (Refinery Fuel Oil),"",0.000372,g/GJ,Concawe Report 9/16,Hg,HERE,"",1,-23,-46,10,494.749165057912,GJ,2020-10-01,0.184046689401543,g
0.631,µg/GJ,EMEP,Petroleum refining,Tier 2 Emission Factor,"Process Furnaces, Heaters and Boilers",Table_4-4,1.A.1.b,NFR,Residual Oil (Refinery Fuel Oil),"",6.31e-07,g/GJ,"API (1998, 2002)","Indeno(1,2,3-cd)pyrene",HERE,"",1,-23,-46,10,494.749165057912,GJ,2020-10-01,0.000312186723151542,g
0.631,µg/GJ,EMEP,Petroleum refining,Tier 2 Emission Factor,"Process Furnaces, Heaters and Boilers",Table_4-4,1.A.1.b,NFR,Residual Oil (Refinery Fuel Oil),"",6.31e-07,g/GJ,"API (1998, 2002)",Benzo(k)fluoranthene,HERE,"",1,-23,-46,10,494.749165057912,GJ,2020-10-01,0.000312186723151542,g
63,g/GJ,EMEP,Petroleum refining,Tier 2 Emission Factor,"Process Furnaces, Heaters and Boilers",Table_4-4,1.A.1.b,NFR,Residual Oil (Refinery Fuel Oil),"",63,g/GJ,US EPA (1998); chapter 1.4,NOx,HERE,"",1,-23,-46,10,494.749165057912,GJ,2020-10-01,31169.1973986484,g
10.44,g/GJ,EMEP,Petroleum refining,Tier 2 Emission Factor,"Process Furnaces, Heaters and Boilers",Table_4-4,1.A.1.b,NFR,Residual Oil (Refinery Fuel Oil),"",10.44,g/GJ,UBA (2023),SOx,HERE,"",1,-23,-46,10,494.749165057912,GJ,2020-10-01,5165.1812832046,g
0.89,g/GJ,EMEP,Petroleum refining,Tier 2 Emission Factor,"Process Furnaces, Heaters and Boilers",Table_4-4,1.A.1.b,NFR,Residual Oil (Refinery Fuel Oil),"",0.89,g/GJ,US EPA (1998); chapter 1.4,PM10,HERE,"",1,-23,-46,10,494.749165057912,GJ,2020-10-01,440.326756901541,g
0.89,g/GJ,EMEP,Petroleum refining,Tier 2 Emission Factor,"Process Furnaces, Heaters and Boilers",Table_4-4,1.A.1.b,NFR,Residual Oil (Refinery Fuel Oil),"",0.89,g/GJ,US EPA (1998); chapter 1.4,PM2.5,HERE,"",1,-23,-46,10,494.749165057912,GJ,2020-10-01,440.326756901541,g
1.56,mg/GJ,EMEP,Petroleum refining,Tier 2 Emission Factor,"Process Furnaces, Heaters and Boilers",Table_4-4,1.A.1.b,NFR,Residual Oil (Refinery Fuel Oil),"",0.00156,g/GJ,Concawe Report 9/16,Se,HERE,"",1,-23,-46,10,494.749165057912,GJ,2020-10-01,0.771808697490342,g
0.89,g/GJ,EMEP,Petroleum refining,Tier 2 Emission Factor,"Process Furnaces, Heaters and Boilers",Table_4-4,1.A.1.b,NFR,Residual Oil (Refinery Fuel Oil),"",0.89,g/GJ,US EPA (1998); chapter 1.4,TSP,HERE,"",1,-23,-46,10,494.749165057912,GJ,2020-10-01,440.326756901541,g
7.37,mg/GJ,EMEP,Petroleum refining,Tier 2 Emission Factor,"Process Furnaces, Heaters and Boilers",Table_4-4,1.A.1.b,NFR,Residual Oil (Refinery Fuel Oil),"",0.00737,g/GJ,Concawe Report 9/16,Ni,HERE,"",1,-23,-46,10,494.749165057912,GJ,2020-10-01,3.64630134647681,g
17,mg/GJ,EMEP,Petroleum refining,Tier 2 Emission Factor,"Process Furnaces, Heaters and Boilers",Table_4-4,1.A.1.b,NFR,Residual Oil (Refinery Fuel Oil),"",0.017,g/GJ,Concawe Report 9/16,Zn,HERE,"",1,-23,-46,10,494.749165057912,GJ,2020-10-01,8.4107358059845,g
1.14,µg/GJ,EMEP,Petroleum refining,Tier 2 Emission Factor,"Process Furnaces, Heaters and Boilers",Table_4-4,1.A.1.b,NFR,Residual Oil (Refinery Fuel Oil),"",1.14e-06,g/GJ,"API (1998, 2002)",Benzo(b)fluoranthene,HERE,"",1,-23,-46,10,494.749165057912,GJ,2020-10-01,0.000564014048166019,g
0.352,mg/GJ,EMEP,Petroleum refining,Tier 2 Emission Factor,"Process Furnaces, Heaters and Boilers",Table_4-4,1.A.1.b,NFR,Residual Oil (Refinery Fuel Oil),"",0.000352,g/GJ,Concawe Report 9/16,As,HERE,"",1,-23,-46,10,494.749165057912,GJ,2020-10-01,0.174151706100385,g
18.4,% of PM2.5,EMEP,Petroleum refining,Tier 2 Emission Factor,"Process Furnaces, Heaters and Boilers",Table_4-4,1.A.1.b,NFR,Residual Oil (Refinery Fuel Oil),"",18.4,% of PM2.5,US EPA (2011),BC,HERE,"",1,-23,-46,10,494.749165057912,GJ,2020-10-01,81.0201232698836,g
0.669,µg/GJ,EMEP,Petroleum refining,Tier 2 Emission Factor,"Process Furnaces, Heaters and Boilers",Table_4-4,1.A.1.b,NFR,Residual Oil (Refinery Fuel Oil),"",6.69e-07,g/GJ,"API (1998, 2002)",Benzo(a)pyrene,HERE,"",1,-23,-46,10,494.749165057912,GJ,2020-10-01,0.000330987191423743,g
1.61,mg/GJ,EMEP,Petroleum refining,Tier 2 Emission Factor,"Process Furnaces, Heaters and Boilers",Table_4-4,1.A.1.b,NFR,Residual Oil (Refinery Fuel Oil),"",0.00161,g/GJ,Concawe Report 9/16,Pb,HERE,"",1,-23,-46,10,388.036314341874,GJ,2020-11-01,0.624738466090417,g
2.19,mg/GJ,EMEP,Petroleum refining,Tier 2 Emission Factor,"Process Furnaces, Heaters and Boilers",Table_4-4,1.A.1.b,NFR,Residual Oil (Refinery Fuel Oil),"",0.00219,g/GJ,Concawe Report 9/16,Cd,HERE,"",1,-23,-46,10,388.036314341874,GJ,2020-11-01,0.849799528408704,g
12.1,g/GJ,EMEP,Petroleum refining,Tier 2 Emission Factor,"Process Furnaces, Heaters and Boilers",Table_4-4,1.A.1.b,NFR,Residual Oil (Refinery Fuel Oil),"",12.1,g/GJ,Concawe (2015),CO,HERE,"",1,-23,-46,10,388.036314341874,GJ,2020-11-01,4695.23940353667,g
6.69,mg/GJ,EMEP,Petroleum refining,Tier 2 Emission Factor,"Process Furnaces, Heaters and Boilers",Table_4-4,1.A.1.b,NFR,Residual Oil (Refinery Fuel Oil),"",0.00669,g/GJ,Concawe Report 9/16,Cr,HERE,"",1,-23,-46,10,388.036314341874,GJ,2020-11-01,2.59596294294714,g
3.29,mg/GJ,EMEP,Petroleum refining,Tier 2 Emission Factor,"Process Furnaces, Heaters and Boilers",Table_4-4,1.A.1.b,NFR,Residual Oil (Refinery Fuel Oil),"",0.00329,g/GJ,Concawe Report 9/16,Cu,HERE,"",1,-23,-46,10,388.036314341874,GJ,2020-11-01,1.27663947418476,g
0.372,mg/GJ,EMEP,Petroleum refining,Tier 2 Emission Factor,"Process Furnaces, Heaters and Boilers",Table_4-4,1.A.1.b,NFR,Residual Oil (Refinery Fuel Oil),"",0.000372,g/GJ,Concawe Report 9/16,Hg,HERE,"",1,-23,-46,10,388.036314341874,GJ,2020-11-01,0.144349508935177,g
0.631,µg/GJ,EMEP,Petroleum refining,Tier 2 Emission Factor,"Process Furnaces, Heaters and Boilers",Table_4-4,1.A.1.b,NFR,Residual Oil (Refinery Fuel Oil),"",6.31e-07,g/GJ,"API (1998, 2002)","Indeno(1,2,3-cd)pyrene",HERE,"",1,-23,-46,10,388.036314341874,GJ,2020-11-01,0.000244850914349722,g
0.631,µg/GJ,EMEP,Petroleum refining,Tier 2 Emission Factor,"Process Furnaces, Heaters and Boilers",Table_4-4,1.A.1.b,NFR,Residual Oil (Refinery Fuel Oil),"",6.31e-07,g/GJ,"API (1998, 2002)",Benzo(k)fluoranthene,HERE,"",1,-23,-46,10,388.036314341874,GJ,2020-11-01,0.000244850914349722,g
63,g/GJ,EMEP,Petroleum refining,Tier 2 Emission Factor,"Process Furnaces, Heaters and Boilers",Table_4-4,1.A.1.b,NFR,Residual Oil (Refinery Fuel Oil),"",63,g/GJ,US EPA (1998); chapter 1.4,NOx,HERE,"",1,-23,-46,10,388.036314341874,GJ,2020-11-01,24446.2878035381,g
10.44,g/GJ,EMEP,Petroleum refining,Tier 2 Emission Factor,"Process Furnaces, Heaters and Boilers",Table_4-4,1.A.1.b,NFR,Residual Oil (Refinery Fuel Oil),"",10.44,g/GJ,UBA (2023),SOx,HERE,"",1,-23,-46,10,388.036314341874,GJ,2020-11-01,4051.09912172916,g
0.89,g/GJ,EMEP,Petroleum refining,Tier 2 Emission Factor,"Process Furnaces, Heaters and Boilers",Table_4-4,1.A.1.b,NFR,Residual Oil (Refinery Fuel Oil),"",0.89,g/GJ,US EPA (1998); chapter 1.4,PM10,HERE,"",1,-23,-46,10,388.036314341874,GJ,2020-11-01,345.352319764268,g
0.89,g/GJ,EMEP,Petroleum refining,Tier 2 Emission Factor,"Process Furnaces, Heaters and Boilers",Table_4-4,1.A.1.b,NFR,Residual Oil (Refinery Fuel Oil),"",0.89,g/GJ,US EPA (1998); chapter 1.4,PM2.5,HERE,"",1,-23,-46,10,388.036314341874,GJ,2020-11-01,345.352319764268,g
1.56,mg/GJ,EMEP,Petroleum refining,Tier 2 Emission Factor,"Process Furnaces, Heaters and Boilers",Table_4-4,1.A.1.b,NFR,Residual Oil (Refinery Fuel Oil),"",0.00156,g/GJ,Concawe Report 9/16,Se,HERE,"",1,-23,-46,10,388.036314341874,GJ,2020-11-01,0.605336650373323,g
0.89,g/GJ,EMEP,Petroleum refining,Tier 2 Emission Factor,"Process Furnaces, Heaters and Boilers",Table_4-4,1.A.1.b,NFR,Residual Oil (Refinery Fuel Oil),"",0.89,g/GJ,US EPA (1998); chapter 1.4,TSP,HERE,"",1,-23,-46,10,388.036314341874,GJ,2020-11-01,345.352319764268,g
7.37,mg/GJ,EMEP,Petroleum refining,Tier 2 Emission Factor,"Process Furnaces, Heaters and Boilers",Table_4-4,1.A.1.b,NFR,Residual Oil (Refinery Fuel Oil),"",0.00737,g/GJ,Concawe Report 9/16,Ni,HERE,"",1,-23,-46,10,388.036314341874,GJ,2020-11-01,2.85982763669961,g
17,mg/GJ,EMEP,Petroleum refining,Tier 2 Emission Factor,"Process Furnaces, Heaters and Boilers",Table_4-4,1.A.1.b,NFR,Residual Oil (Refinery Fuel Oil),"",0.017,g/GJ,Concawe Report 9/16,Zn,HERE,"",1,-23,-46,10,388.036314341874,GJ,2020-11-01,6.59661734381186,g
1.14,µg/GJ,EMEP,Petroleum refining,Tier 2 Emission Factor,"Process Furnaces, Heaters and Boilers",Table_4-4,1.A.1.b,NFR,Residual Oil (Refinery Fuel Oil),"",1.14e-06,g/GJ,"API (1998, 2002)",Benzo(b)fluoranthene,HERE,"",1,-23,-46,10,388.036314341874,GJ,2020-11-01,0.000442361398349736,g
0.352,mg/GJ,EMEP,Petroleum refining,Tier 2 Emission Factor,"Process Furnaces, Heaters and Boilers",Table_4-4,1.A.1.b,NFR,Residual Oil (Refinery Fuel Oil),"",0.000352,g/GJ,Concawe Report 9/16,As,HERE,"",1,-23,-46,10,388.036314341874,GJ,2020-11-01,0.13658878264834,g
18.4,% of PM2.5,EMEP,Petroleum refining,Tier 2 Emission Factor,"Process Furnaces, Heaters and Boilers",Table_4-4,1.A.1.b,NFR,Residual Oil (Refinery Fuel Oil),"",18.4,% of PM2.5,US EPA (2011),BC,HERE,"",1,-23,-46,10,388.036314341874,GJ,2020-11-01,63.5448268366253,g
0.669,µg/GJ,EMEP,Petroleum refining,Tier 2 Emission Factor,"Process Furnaces, Heaters and Boilers",Table_4-4,1.A.1.b,NFR,Residual Oil (Refinery Fuel Oil),"",6.69e-07,g/GJ,"API (1998, 2002)",Benzo(a)pyrene,HERE,"",1,-23,-46,10,388.036314341874,GJ,2020-11-01,0.000259596294294714,g
1.61,mg/GJ,EMEP,Petroleum refining,Tier 2 Emission Factor,"Process Furnaces, Heaters and Boilers",Table_4-4,1.A.1.b,NFR,Residual Oil (Refinery Fuel Oil),"",0.00161,g/GJ,Concawe Report 9/16,Pb,HERE,"",1,-23,-46,10,471.951548057956,GJ,2020-12-01,0.759841992373309,g
2.19,mg/GJ,EMEP,Petroleum refining,Tier 2 Emission Factor,"Process Furnaces, Heaters and Boilers",Table_4-4,1.A.1.b,NFR,Residual Oil (Refinery Fuel Oil),"",0.00219,g/GJ,Concawe Report 9/16,Cd,HERE,"",1,-23,-46,10,471.951548057956,GJ,2020-12-01,1.03357389024692,g
12.1,g/GJ,EMEP,Petroleum refining,Tier 2 Emission Factor,"Process Furnaces, Heaters and Boilers",Table_4-4,1.A.1.b,NFR,Residual Oil (Refinery Fuel Oil),"",12.1,g/GJ,Concawe (2015),CO,HERE,"",1,-23,-46,10,471.951548057956,GJ,2020-12-01,5710.61373150126,g
6.69,mg/GJ,EMEP,Petroleum refining,Tier 2 Emission Factor,"Process Furnaces, Heaters and Boilers",Table_4-4,1.A.1.b,NFR,Residual Oil (Refinery Fuel Oil),"",0.00669,g/GJ,Concawe Report 9/16,Cr,HERE,"",1,-23,-46,10,471.951548057956,GJ,2020-12-01,3.15735585650772,g
3.29,mg/GJ,EMEP,Petroleum refining,Tier 2 Emission Factor,"Process Furnaces, Heaters and Boilers",Table_4-4,1.A.1.b,NFR,Residual Oil (Refinery Fuel Oil),"",0.00329,g/GJ,Concawe Report 9/16,Cu,HERE,"",1,-23,-46,10,471.951548057956,GJ,2020-12-01,1.55272059311067,g
0.372,mg/GJ,EMEP,Petroleum refining,Tier 2 Emission Factor,"Process Furnaces, Heaters and Boilers",Table_4-4,1.A.1.b,NFR,Residual Oil (Refinery Fuel Oil),"",0.000372,g/GJ,Concawe Report 9/16,Hg,HERE,"",1,-23,-46,10,471.951548057956,GJ,2020-12-01,0.17556597587756,g
0.631,µg/GJ,EMEP,Petroleum refining,Tier 2 Emission Factor,"Process Furnaces, Heaters and Boilers",Table_4-4,1.A.1.b,NFR,Residual Oil (Refinery Fuel Oil),"",6.31e-07,g/GJ,"API (1998, 2002)","Indeno(1,2,3-cd)pyrene",HERE,"",1,-23,-46,10,471.951548057956,GJ,2020-12-01,0.00029780142682457,g
0.631,µg/GJ,EMEP,Petroleum refining,Tier 2 Emission Factor,"Process Furnaces, Heaters and Boilers",Table_4-4,1.A.1.b,NFR,Residual Oil (Refinery Fuel Oil),"",6.31e-07,g/GJ,"API (1998, 2002)",Benzo(k)fluoranthene,HERE,"",1,-23,-46,10,471.951548057956,GJ,2020-12-01,0.00029780142682457,g
63,g/GJ,EMEP,Petroleum refining,Tier 2 Emission Factor,"Process Furnaces, Heaters and Boilers",Table_4-4,1.A.1.b,NFR,Residual Oil (Refinery Fuel Oil),"",63,g/GJ,US EPA (1998); chapter 1.4,NOx,HERE,"",1,-23,-46,10,471.951548057956,GJ,2020-12-01,29732.9475276512,g
10.44,g/GJ,EMEP,Petroleum refining,Tier 2 Emission Factor,"Process Furnaces, Heaters and Boilers",Table_4-4,1.A.1.b,NFR,Residual Oil (Refinery Fuel Oil),"",10.44,g/GJ,UBA (2023),SOx,HERE,"",1,-23,-46,10,471.951548057956,GJ,2020-12-01,4927.17416172506,g
0.89,g/GJ,EMEP,Petroleum refining,Tier 2 Emission Factor,"Process Furnaces, Heaters and Boilers",Table_4-4,1.A.1.b,NFR,Residual Oil (Refinery Fuel Oil),"",0.89,g/GJ,US EPA (1998); chapter 1.4,PM10,HERE,"",1,-23,-46,10,471.951548057956,GJ,2020-12-01,420.036877771581,g
0.89,g/GJ,EMEP,Petroleum refining,Tier 2 Emission Factor,"Process Furnaces, Heaters and Boilers",Table_4-4,1.A.1.b,NFR,Residual Oil (Refinery Fuel Oil),"",0.89,g/GJ,US EPA (1998); chapter 1.4,PM2.5,HERE,"",1,-23,-46,10,471.951548057956,GJ,2020-12-01,420.036877771581,g
1.56,mg/GJ,EMEP,Petroleum refining,Tier 2 Emission Factor,"Process Furnaces, Heaters and Boilers",Table_4-4,1.A.1.b,NFR,Residual Oil (Refinery Fuel Oil),"",0.00156,g/GJ,Concawe Report 9/16,Se,HERE,"",1,-23,-46,10,471.951548057956,GJ,2020-12-01,0.736244414970411,g
0.89,g/GJ,EMEP,Petroleum refining,Tier 2 Emission Factor,"Process Furnaces, Heaters and Boilers",Table_4-4,1.A.1.b,NFR,Residual Oil (Refinery Fuel Oil),"",0.89,g/GJ,US EPA (1998); chapter 1.4,TSP,HERE,"",1,-23,-46,10,471.951548057956,GJ,2020-12-01,420.036877771581,g
7.37,mg/GJ,EMEP,Petroleum refining,Tier 2 Emission Factor,"Process Furnaces, Heaters and Boilers",Table_4-4,1.A.1.b,NFR,Residual Oil (Refinery Fuel Oil),"",0.00737,g/GJ,Concawe Report 9/16,Ni,HERE,"",1,-23,-46,10,471.951548057956,GJ,2020-12-01,3.47828290918713,g
17,mg/GJ,EMEP,Petroleum refining,Tier 2 Emission Factor,"Process Furnaces, Heaters and Boilers",Table_4-4,1.A.1.b,NFR,Residual Oil (Refinery Fuel Oil),"",0.017,g/GJ,Concawe Report 9/16,Zn,HERE,"",1,-23,-46,10,471.951548057956,GJ,2020-12-01,8.02317631698525,g
1.14,µg/GJ,EMEP,Petroleum refining,Tier 2 Emission Factor,"Process Furnaces, Heaters and Boilers",Table_4-4,1.A.1.b,NFR,Residual Oil (Refinery Fuel Oil),"",1.14e-06,g/GJ,"API (1998, 2002)",Benzo(b)fluoranthene,HERE,"",1,-23,-46,10,471.951548057956,GJ,2020-12-01,0.00053802476478607,g
0.352,mg/GJ,EMEP,Petroleum refining,Tier 2 Emission Factor,"Process Furnaces, Heaters and Boilers",Table_4-4,1.A.1.b,NFR,Residual Oil (Refinery Fuel Oil),"",0.000352,g/GJ,Concawe Report 9/16,As,HERE,"",1,-23,-46,10,471.951548057956,GJ,2020-12-01,0.1661269449164,g
18.4,% of PM2.5,EMEP,Petroleum refining,Tier 2 Emission Factor,"Process Furnaces, Heaters and Boilers",Table_4-4,1.A.1.b,NFR,Residual Oil (Refinery Fuel Oil),"",18.4,% of PM2.5,US EPA (2011),BC,HERE,"",1,-23,-46,10,471.951548057956,GJ,2020-12-01,77.2867855099708,g
0.669,µg/GJ,EMEP,Petroleum refining,Tier 2 Emission Factor,"Process Furnaces, Heaters and Boilers",Table_4-4,1.A.1.b,NFR,Residual Oil (Refinery Fuel Oil),"",6.69e-07,g/GJ,"API (1998, 2002)",Benzo(a)pyrene,HERE,"",1,-23,-46,10,471.951548057956,GJ,2020-12-01,0.000315735585650772,g
