Value,Unit,source,category,type,tech,table,code,codetype,fuel,tech2,ef,unit,reference,pol,region,other,activity,unit_activity,date_activity,emissions
5.31,mg/GJ,EMEP,Public electricity and heat production,Tier 1 Emission Factor,,Table_3-6,1.A.1.a,NFR,Heavy Fuel Oil,"",0.00531,g/GJ,"US EPA (2010), chapter 1.3",Cu,,"",518.955478275209,GJ,2020-01-01,2.75565358964136
495,g/GJ,EMEP,Public electricity and heat production,Tier 1 Emission Factor,,Table_3-6,1.A.1.a,NFR,Heavy Fuel Oil,"",495,g/GJ,See note in Guidebook chapter,SOx,,"",518.955478275209,GJ,2020-01-01,256882.961746229
3.98,mg/GJ,EMEP,Public electricity and heat production,Tier 1 Emission Factor,,Table_3-6,1.A.1.a,NFR,Heavy Fuel Oil,"",0.00398,g/GJ,"US EPA (2010), chapter 1.3",As,,"",518.955478275209,GJ,2020-01-01,2.06544280353533
0.341,mg/GJ,EMEP,Public electricity and heat production,Tier 1 Emission Factor,,Table_3-6,1.A.1.a,NFR,Heavy Fuel Oil,"",0.000341,g/GJ,"US EPA (2010), chapter 1.3",Hg,,"",518.955478275209,GJ,2020-01-01,0.176963818091846
1.29,mg/GJ,EMEP,Public electricity and heat production,Tier 1 Emission Factor,,Table_3-6,1.A.1.a,NFR,Heavy Fuel Oil,"",0.00129,g/GJ,"US EPA (2010), chapter 1.3",Cd,,"",518.955478275209,GJ,2020-01-01,0.66945256697502
4.56,mg/GJ,EMEP,Public electricity and heat production,Tier 1 Emission Factor,,Table_3-6,1.A.1.a,NFR,Heavy Fuel Oil,"",0.00456,g/GJ,"US EPA (2010), chapter 1.3",Pb,,"",518.955478275209,GJ,2020-01-01,2.36643698093495
19.3,g/GJ,EMEP,Public electricity and heat production,Tier 1 Emission Factor,,Table_3-6,1.A.1.a,NFR,Heavy Fuel Oil,"",19.3,g/GJ,"US EPA (2010), chapter 1.3",PM2.5,,"",518.955478275209,GJ,2020-01-01,10015.8407307115
35.4,g/GJ,EMEP,Public electricity and heat production,Tier 1 Emission Factor,,Table_3-6,1.A.1.a,NFR,Heavy Fuel Oil,"",35.4,g/GJ,"US EPA (2010), chapter 1.3",TSP,,"",518.955478275209,GJ,2020-01-01,18371.0239309424
2.3,g/GJ,EMEP,Public electricity and heat production,Tier 1 Emission Factor,,Table_3-6,1.A.1.a,NFR,Heavy Fuel Oil,"",2.3,g/GJ,"US EPA (2010), chapter 1.3",NMVOC,,"",518.955478275209,GJ,2020-01-01,1193.59760003298
15.1,g/GJ,EMEP,Public electricity and heat production,Tier 1 Emission Factor,,Table_3-6,1.A.1.a,NFR,Heavy Fuel Oil,"",15.1,g/GJ,"US EPA (2010), chapter 1.3",CO,,"",518.955478275209,GJ,2020-01-01,7836.22772195566
142,g/GJ,EMEP,Public electricity and heat production,Tier 1 Emission Factor,,Table_3-6,1.A.1.a,NFR,Heavy Fuel Oil,"",142,g/GJ,"US EPA (2010), chapter 1.3",NOx,,"",518.955478275209,GJ,2020-01-01,73691.6779150797
5.6,% of PM2.5,EMEP,Public electricity and heat production,Tier 1 Emission Factor,,Table_3-6,1.A.1.a,NFR,Heavy Fuel Oil,"",5.6,% of PM2.5,See note in Guidebook chapter,BC,,"",518.955478275209,GJ,2020-01-01,560.887080919846
25.2,g/GJ,EMEP,Public electricity and heat production,Tier 1 Emission Factor,,Table_3-6,1.A.1.a,NFR,Heavy Fuel Oil,"",25.2,g/GJ,"US EPA (2010), chapter 1.3",PM10,,"",518.955478275209,GJ,2020-01-01,13077.6780525353
255,mg/GJ,EMEP,Public electricity and heat production,Tier 1 Emission Factor,,Table_3-6,1.A.1.a,NFR,Heavy Fuel Oil,"",0.255,g/GJ,"US EPA (2010), chapter 1.3",Ni,,"",518.955478275209,GJ,2020-01-01,132.333646960178
2.55,mg/GJ,EMEP,Public electricity and heat production,Tier 1 Emission Factor,,Table_3-6,1.A.1.a,NFR,Heavy Fuel Oil,"",0.00255,g/GJ,"US EPA (2010), chapter 1.3",Cr,,"",518.955478275209,GJ,2020-01-01,1.32333646960178
6.92,µg/GJ,EMEP,Public electricity and heat production,Tier 1 Emission Factor,,Table_3-6,1.A.1.a,NFR,Heavy Fuel Oil,"",6.92e-06,g/GJ,"US EPA (2010), chapter 1.3","Indeno(1,2,3-cd)pyrene",,"",518.955478275209,GJ,2020-01-01,0.00359117190966445
2.5,ng I-TEQ/GJ,EMEP,Public electricity and heat production,Tier 1 Emission Factor,,Table_3-6,1.A.1.a,NFR,Heavy Fuel Oil,"",2.5e-09,g/GJ,UNEP (2005); Heavy fuel fired power boilers,PCDD/F,,"",518.955478275209,GJ,2020-01-01,1.29738869568802e-06
87.8,mg/GJ,EMEP,Public electricity and heat production,Tier 1 Emission Factor,,Table_3-6,1.A.1.a,NFR,Heavy Fuel Oil,"",0.0878,g/GJ,"US EPA (2010), chapter 1.3",Zn,,"",518.955478275209,GJ,2020-01-01,45.5642909925634
2.06,mg/GJ,EMEP,Public electricity and heat production,Tier 1 Emission Factor,,Table_3-6,1.A.1.a,NFR,Heavy Fuel Oil,"",0.00206,g/GJ,"US EPA (2010), chapter 1.3",Se,,"",518.955478275209,GJ,2020-01-01,1.06904828524693
5.31,mg/GJ,EMEP,Public electricity and heat production,Tier 1 Emission Factor,,Table_3-6,1.A.1.a,NFR,Heavy Fuel Oil,"",0.00531,g/GJ,"US EPA (2010), chapter 1.3",Cu,,"",498.991841531833,GJ,2020-02-01,2.64964667853403
495,g/GJ,EMEP,Public electricity and heat production,Tier 1 Emission Factor,,Table_3-6,1.A.1.a,NFR,Heavy Fuel Oil,"",495,g/GJ,See note in Guidebook chapter,SOx,,"",498.991841531833,GJ,2020-02-01,247000.961558257
3.98,mg/GJ,EMEP,Public electricity and heat production,Tier 1 Emission Factor,,Table_3-6,1.A.1.a,NFR,Heavy Fuel Oil,"",0.00398,g/GJ,"US EPA (2010), chapter 1.3",As,,"",498.991841531833,GJ,2020-02-01,1.9859875292967
0.341,mg/GJ,EMEP,Public electricity and heat production,Tier 1 Emission Factor,,Table_3-6,1.A.1.a,NFR,Heavy Fuel Oil,"",0.000341,g/GJ,"US EPA (2010), chapter 1.3",Hg,,"",498.991841531833,GJ,2020-02-01,0.170156217962355
1.29,mg/GJ,EMEP,Public electricity and heat production,Tier 1 Emission Factor,,Table_3-6,1.A.1.a,NFR,Heavy Fuel Oil,"",0.00129,g/GJ,"US EPA (2010), chapter 1.3",Cd,,"",498.991841531833,GJ,2020-02-01,0.643699475576065
4.56,mg/GJ,EMEP,Public electricity and heat production,Tier 1 Emission Factor,,Table_3-6,1.A.1.a,NFR,Heavy Fuel Oil,"",0.00456,g/GJ,"US EPA (2010), chapter 1.3",Pb,,"",498.991841531833,GJ,2020-02-01,2.27540279738516
19.3,g/GJ,EMEP,Public electricity and heat production,Tier 1 Emission Factor,,Table_3-6,1.A.1.a,NFR,Heavy Fuel Oil,"",19.3,g/GJ,"US EPA (2010), chapter 1.3",PM2.5,,"",498.991841531833,GJ,2020-02-01,9630.54254156438
35.4,g/GJ,EMEP,Public electricity and heat production,Tier 1 Emission Factor,,Table_3-6,1.A.1.a,NFR,Heavy Fuel Oil,"",35.4,g/GJ,"US EPA (2010), chapter 1.3",TSP,,"",498.991841531833,GJ,2020-02-01,17664.3111902269
2.3,g/GJ,EMEP,Public electricity and heat production,Tier 1 Emission Factor,,Table_3-6,1.A.1.a,NFR,Heavy Fuel Oil,"",2.3,g/GJ,"US EPA (2010), chapter 1.3",NMVOC,,"",498.991841531833,GJ,2020-02-01,1147.68123552322
15.1,g/GJ,EMEP,Public electricity and heat production,Tier 1 Emission Factor,,Table_3-6,1.A.1.a,NFR,Heavy Fuel Oil,"",15.1,g/GJ,"US EPA (2010), chapter 1.3",CO,,"",498.991841531833,GJ,2020-02-01,7534.77680713068
142,g/GJ,EMEP,Public electricity and heat production,Tier 1 Emission Factor,,Table_3-6,1.A.1.a,NFR,Heavy Fuel Oil,"",142,g/GJ,"US EPA (2010), chapter 1.3",NOx,,"",498.991841531833,GJ,2020-02-01,70856.8414975203
5.6,% of PM2.5,EMEP,Public electricity and heat production,Tier 1 Emission Factor,,Table_3-6,1.A.1.a,NFR,Heavy Fuel Oil,"",5.6,% of PM2.5,See note in Guidebook chapter,BC,,"",498.991841531833,GJ,2020-02-01,539.310382327605
25.2,g/GJ,EMEP,Public electricity and heat production,Tier 1 Emission Factor,,Table_3-6,1.A.1.a,NFR,Heavy Fuel Oil,"",25.2,g/GJ,"US EPA (2010), chapter 1.3",PM10,,"",498.991841531833,GJ,2020-02-01,12574.5944066022
255,mg/GJ,EMEP,Public electricity and heat production,Tier 1 Emission Factor,,Table_3-6,1.A.1.a,NFR,Heavy Fuel Oil,"",0.255,g/GJ,"US EPA (2010), chapter 1.3",Ni,,"",498.991841531833,GJ,2020-02-01,127.242919590617
2.55,mg/GJ,EMEP,Public electricity and heat production,Tier 1 Emission Factor,,Table_3-6,1.A.1.a,NFR,Heavy Fuel Oil,"",0.00255,g/GJ,"US EPA (2010), chapter 1.3",Cr,,"",498.991841531833,GJ,2020-02-01,1.27242919590617
6.92,µg/GJ,EMEP,Public electricity and heat production,Tier 1 Emission Factor,,Table_3-6,1.A.1.a,NFR,Heavy Fuel Oil,"",6.92e-06,g/GJ,"US EPA (2010), chapter 1.3","Indeno(1,2,3-cd)pyrene",,"",498.991841531833,GJ,2020-02-01,0.00345302354340028
2.5,ng I-TEQ/GJ,EMEP,Public electricity and heat production,Tier 1 Emission Factor,,Table_3-6,1.A.1.a,NFR,Heavy Fuel Oil,"",2.5e-09,g/GJ,UNEP (2005); Heavy fuel fired power boilers,PCDD/F,,"",498.991841531833,GJ,2020-02-01,1.24747960382958e-06
87.8,mg/GJ,EMEP,Public electricity and heat production,Tier 1 Emission Factor,,Table_3-6,1.A.1.a,NFR,Heavy Fuel Oil,"",0.0878,g/GJ,"US EPA (2010), chapter 1.3",Zn,,"",498.991841531833,GJ,2020-02-01,43.8114836864949
2.06,mg/GJ,EMEP,Public electricity and heat production,Tier 1 Emission Factor,,Table_3-6,1.A.1.a,NFR,Heavy Fuel Oil,"",0.00206,g/GJ,"US EPA (2010), chapter 1.3",Se,,"",498.991841531833,GJ,2020-02-01,1.02792319355558
5.31,mg/GJ,EMEP,Public electricity and heat production,Tier 1 Emission Factor,,Table_3-6,1.A.1.a,NFR,Heavy Fuel Oil,"",0.00531,g/GJ,"US EPA (2010), chapter 1.3",Cu,,"",615.333342207355,GJ,2020-03-01,3.26742004712105
495,g/GJ,EMEP,Public electricity and heat production,Tier 1 Emission Factor,,Table_3-6,1.A.1.a,NFR,Heavy Fuel Oil,"",495,g/GJ,See note in Guidebook chapter,SOx,,"",615.333342207355,GJ,2020-03-01,304590.004392641
3.98,mg/GJ,EMEP,Public electricity and heat production,Tier 1 Emission Factor,,Table_3-6,1.A.1.a,NFR,Heavy Fuel Oil,"",0.00398,g/GJ,"US EPA (2010), chapter 1.3",As,,"",615.333342207355,GJ,2020-03-01,2.44902670198527
0.341,mg/GJ,EMEP,Public electricity and heat production,Tier 1 Emission Factor,,Table_3-6,1.A.1.a,NFR,Heavy Fuel Oil,"",0.000341,g/GJ,"US EPA (2010), chapter 1.3",Hg,,"",615.333342207355,GJ,2020-03-01,0.209828669692708
1.29,mg/GJ,EMEP,Public electricity and heat production,Tier 1 Emission Factor,,Table_3-6,1.A.1.a,NFR,Heavy Fuel Oil,"",0.00129,g/GJ,"US EPA (2010), chapter 1.3",Cd,,"",615.333342207355,GJ,2020-03-01,0.793780011447487
4.56,mg/GJ,EMEP,Public electricity and heat production,Tier 1 Emission Factor,,Table_3-6,1.A.1.a,NFR,Heavy Fuel Oil,"",0.00456,g/GJ,"US EPA (2010), chapter 1.3",Pb,,"",615.333342207355,GJ,2020-03-01,2.80592004046554
19.3,g/GJ,EMEP,Public electricity and heat production,Tier 1 Emission Factor,,Table_3-6,1.A.1.a,NFR,Heavy Fuel Oil,"",19.3,g/GJ,"US EPA (2010), chapter 1.3",PM2.5,,"",615.333342207355,GJ,2020-03-01,11875.9335046019
35.4,g/GJ,EMEP,Public electricity and heat production,Tier 1 Emission Factor,,Table_3-6,1.A.1.a,NFR,Heavy Fuel Oil,"",35.4,g/GJ,"US EPA (2010), chapter 1.3",TSP,,"",615.333342207355,GJ,2020-03-01,21782.8003141404
2.3,g/GJ,EMEP,Public electricity and heat production,Tier 1 Emission Factor,,Table_3-6,1.A.1.a,NFR,Heavy Fuel Oil,"",2.3,g/GJ,"US EPA (2010), chapter 1.3",NMVOC,,"",615.333342207355,GJ,2020-03-01,1415.26668707692
15.1,g/GJ,EMEP,Public electricity and heat production,Tier 1 Emission Factor,,Table_3-6,1.A.1.a,NFR,Heavy Fuel Oil,"",15.1,g/GJ,"US EPA (2010), chapter 1.3",CO,,"",615.333342207355,GJ,2020-03-01,9291.53346733105
142,g/GJ,EMEP,Public electricity and heat production,Tier 1 Emission Factor,,Table_3-6,1.A.1.a,NFR,Heavy Fuel Oil,"",142,g/GJ,"US EPA (2010), chapter 1.3",NOx,,"",615.333342207355,GJ,2020-03-01,87377.3345934444
5.6,% of PM2.5,EMEP,Public electricity and heat production,Tier 1 Emission Factor,,Table_3-6,1.A.1.a,NFR,Heavy Fuel Oil,"",5.6,% of PM2.5,See note in Guidebook chapter,BC,,"",615.333342207355,GJ,2020-03-01,665.052276257709
25.2,g/GJ,EMEP,Public electricity and heat production,Tier 1 Emission Factor,,Table_3-6,1.A.1.a,NFR,Heavy Fuel Oil,"",25.2,g/GJ,"US EPA (2010), chapter 1.3",PM10,,"",615.333342207355,GJ,2020-03-01,15506.4002236253
255,mg/GJ,EMEP,Public electricity and heat production,Tier 1 Emission Factor,,Table_3-6,1.A.1.a,NFR,Heavy Fuel Oil,"",0.255,g/GJ,"US EPA (2010), chapter 1.3",Ni,,"",615.333342207355,GJ,2020-03-01,156.910002262875
2.55,mg/GJ,EMEP,Public electricity and heat production,Tier 1 Emission Factor,,Table_3-6,1.A.1.a,NFR,Heavy Fuel Oil,"",0.00255,g/GJ,"US EPA (2010), chapter 1.3",Cr,,"",615.333342207355,GJ,2020-03-01,1.56910002262875
6.92,µg/GJ,EMEP,Public electricity and heat production,Tier 1 Emission Factor,,Table_3-6,1.A.1.a,NFR,Heavy Fuel Oil,"",6.92e-06,g/GJ,"US EPA (2010), chapter 1.3","Indeno(1,2,3-cd)pyrene",,"",615.333342207355,GJ,2020-03-01,0.00425810672807489
2.5,ng I-TEQ/GJ,EMEP,Public electricity and heat production,Tier 1 Emission Factor,,Table_3-6,1.A.1.a,NFR,Heavy Fuel Oil,"",2.5e-09,g/GJ,UNEP (2005); Heavy fuel fired power boilers,PCDD/F,,"",615.333342207355,GJ,2020-03-01,1.53833335551839e-06
87.8,mg/GJ,EMEP,Public electricity and heat production,Tier 1 Emission Factor,,Table_3-6,1.A.1.a,NFR,Heavy Fuel Oil,"",0.0878,g/GJ,"US EPA (2010), chapter 1.3",Zn,,"",615.333342207355,GJ,2020-03-01,54.0262674458057
2.06,mg/GJ,EMEP,Public electricity and heat production,Tier 1 Emission Factor,,Table_3-6,1.A.1.a,NFR,Heavy Fuel Oil,"",0.00206,g/GJ,"US EPA (2010), chapter 1.3",Se,,"",615.333342207355,GJ,2020-03-01,1.26758668494715
5.31,mg/GJ,EMEP,Public electricity and heat production,Tier 1 Emission Factor,,Table_3-6,1.A.1.a,NFR,Heavy Fuel Oil,"",0.00531,g/GJ,"US EPA (2010), chapter 1.3",Cu,,"",372.49688523385,GJ,2020-04-01,1.97795846059175
495,g/GJ,EMEP,Public electricity and heat production,Tier 1 Emission Factor,,Table_3-6,1.A.1.a,NFR,Heavy Fuel Oil,"",495,g/GJ,See note in Guidebook chapter,SOx,,"",372.49688523385,GJ,2020-04-01,184385.958190756
3.98,mg/GJ,EMEP,Public electricity and heat production,Tier 1 Emission Factor,,Table_3-6,1.A.1.a,NFR,Heavy Fuel Oil,"",0.00398,g/GJ,"US EPA (2010), chapter 1.3",As,,"",372.49688523385,GJ,2020-04-01,1.48253760323072
0.341,mg/GJ,EMEP,Public electricity and heat production,Tier 1 Emission Factor,,Table_3-6,1.A.1.a,NFR,Heavy Fuel Oil,"",0.000341,g/GJ,"US EPA (2010), chapter 1.3",Hg,,"",372.49688523385,GJ,2020-04-01,0.127021437864743
1.29,mg/GJ,EMEP,Public electricity and heat production,Tier 1 Emission Factor,,Table_3-6,1.A.1.a,NFR,Heavy Fuel Oil,"",0.00129,g/GJ,"US EPA (2010), chapter 1.3",Cd,,"",372.49688523385,GJ,2020-04-01,0.480520981951667
4.56,mg/GJ,EMEP,Public electricity and heat production,Tier 1 Emission Factor,,Table_3-6,1.A.1.a,NFR,Heavy Fuel Oil,"",0.00456,g/GJ,"US EPA (2010), chapter 1.3",Pb,,"",372.49688523385,GJ,2020-04-01,1.69858579666636
19.3,g/GJ,EMEP,Public electricity and heat production,Tier 1 Emission Factor,,Table_3-6,1.A.1.a,NFR,Heavy Fuel Oil,"",19.3,g/GJ,"US EPA (2010), chapter 1.3",PM2.5,,"",372.49688523385,GJ,2020-04-01,7189.18988501331
35.4,g/GJ,EMEP,Public electricity and heat production,Tier 1 Emission Factor,,Table_3-6,1.A.1.a,NFR,Heavy Fuel Oil,"",35.4,g/GJ,"US EPA (2010), chapter 1.3",TSP,,"",372.49688523385,GJ,2020-04-01,13186.3897372783
2.3,g/GJ,EMEP,Public electricity and heat production,Tier 1 Emission Factor,,Table_3-6,1.A.1.a,NFR,Heavy Fuel Oil,"",2.3,g/GJ,"US EPA (2010), chapter 1.3",NMVOC,,"",372.49688523385,GJ,2020-04-01,856.742836037856
15.1,g/GJ,EMEP,Public electricity and heat production,Tier 1 Emission Factor,,Table_3-6,1.A.1.a,NFR,Heavy Fuel Oil,"",15.1,g/GJ,"US EPA (2010), chapter 1.3",CO,,"",372.49688523385,GJ,2020-04-01,5624.70296703114
142,g/GJ,EMEP,Public electricity and heat production,Tier 1 Emission Factor,,Table_3-6,1.A.1.a,NFR,Heavy Fuel Oil,"",142,g/GJ,"US EPA (2010), chapter 1.3",NOx,,"",372.49688523385,GJ,2020-04-01,52894.5577032068
5.6,% of PM2.5,EMEP,Public electricity and heat production,Tier 1 Emission Factor,,Table_3-6,1.A.1.a,NFR,Heavy Fuel Oil,"",5.6,% of PM2.5,See note in Guidebook chapter,BC,,"",372.49688523385,GJ,2020-04-01,402.594633560746
25.2,g/GJ,EMEP,Public electricity and heat production,Tier 1 Emission Factor,,Table_3-6,1.A.1.a,NFR,Heavy Fuel Oil,"",25.2,g/GJ,"US EPA (2010), chapter 1.3",PM10,,"",372.49688523385,GJ,2020-04-01,9386.92150789303
255,mg/GJ,EMEP,Public electricity and heat production,Tier 1 Emission Factor,,Table_3-6,1.A.1.a,NFR,Heavy Fuel Oil,"",0.255,g/GJ,"US EPA (2010), chapter 1.3",Ni,,"",372.49688523385,GJ,2020-04-01,94.9867057346319
2.55,mg/GJ,EMEP,Public electricity and heat production,Tier 1 Emission Factor,,Table_3-6,1.A.1.a,NFR,Heavy Fuel Oil,"",0.00255,g/GJ,"US EPA (2010), chapter 1.3",Cr,,"",372.49688523385,GJ,2020-04-01,0.949867057346319
6.92,µg/GJ,EMEP,Public electricity and heat production,Tier 1 Emission Factor,,Table_3-6,1.A.1.a,NFR,Heavy Fuel Oil,"",6.92e-06,g/GJ,"US EPA (2010), chapter 1.3","Indeno(1,2,3-cd)pyrene",,"",372.49688523385,GJ,2020-04-01,0.00257767844581825
2.5,ng I-TEQ/GJ,EMEP,Public electricity and heat production,Tier 1 Emission Factor,,Table_3-6,1.A.1.a,NFR,Heavy Fuel Oil,"",2.5e-09,g/GJ,UNEP (2005); Heavy fuel fired power boilers,PCDD/F,,"",372.49688523385,GJ,2020-04-01,9.31242213084626e-07
87.8,mg/GJ,EMEP,Public electricity and heat production,Tier 1 Emission Factor,,Table_3-6,1.A.1.a,NFR,Heavy Fuel Oil,"",0.0878,g/GJ,"US EPA (2010), chapter 1.3",Zn,,"",372.49688523385,GJ,2020-04-01,32.7052265235321
2.06,mg/GJ,EMEP,Public electricity and heat production,Tier 1 Emission Factor,,Table_3-6,1.A.1.a,NFR,Heavy Fuel Oil,"",0.00206,g/GJ,"US EPA (2010), chapter 1.3",Se,,"",372.49688523385,GJ,2020-04-01,0.767343583581732
5.31,mg/GJ,EMEP,Public electricity and heat production,Tier 1 Emission Factor,,Table_3-6,1.A.1.a,NFR,Heavy Fuel Oil,"",0.00531,g/GJ,"US EPA (2010), chapter 1.3",Cu,,"",625.3930712464,GJ,2020-05-01,3.32083720831838
495,g/GJ,EMEP,Public electricity and heat production,Tier 1 Emission Factor,,Table_3-6,1.A.1.a,NFR,Heavy Fuel Oil,"",495,g/GJ,See note in Guidebook chapter,SOx,,"",625.3930712464,GJ,2020-05-01,309569.570266968
3.98,mg/GJ,EMEP,Public electricity and heat production,Tier 1 Emission Factor,,Table_3-6,1.A.1.a,NFR,Heavy Fuel Oil,"",0.00398,g/GJ,"US EPA (2010), chapter 1.3",As,,"",625.3930712464,GJ,2020-05-01,2.48906442356067
0.341,mg/GJ,EMEP,Public electricity and heat production,Tier 1 Emission Factor,,Table_3-6,1.A.1.a,NFR,Heavy Fuel Oil,"",0.000341,g/GJ,"US EPA (2010), chapter 1.3",Hg,,"",625.3930712464,GJ,2020-05-01,0.213259037295022
1.29,mg/GJ,EMEP,Public electricity and heat production,Tier 1 Emission Factor,,Table_3-6,1.A.1.a,NFR,Heavy Fuel Oil,"",0.00129,g/GJ,"US EPA (2010), chapter 1.3",Cd,,"",625.3930712464,GJ,2020-05-01,0.806757061907856
4.56,mg/GJ,EMEP,Public electricity and heat production,Tier 1 Emission Factor,,Table_3-6,1.A.1.a,NFR,Heavy Fuel Oil,"",0.00456,g/GJ,"US EPA (2010), chapter 1.3",Pb,,"",625.3930712464,GJ,2020-05-01,2.85179240488358
19.3,g/GJ,EMEP,Public electricity and heat production,Tier 1 Emission Factor,,Table_3-6,1.A.1.a,NFR,Heavy Fuel Oil,"",19.3,g/GJ,"US EPA (2010), chapter 1.3",PM2.5,,"",625.3930712464,GJ,2020-05-01,12070.0862750555
35.4,g/GJ,EMEP,Public electricity and heat production,Tier 1 Emission Factor,,Table_3-6,1.A.1.a,NFR,Heavy Fuel Oil,"",35.4,g/GJ,"US EPA (2010), chapter 1.3",TSP,,"",625.3930712464,GJ,2020-05-01,22138.9147221226
2.3,g/GJ,EMEP,Public electricity and heat production,Tier 1 Emission Factor,,Table_3-6,1.A.1.a,NFR,Heavy Fuel Oil,"",2.3,g/GJ,"US EPA (2010), chapter 1.3",NMVOC,,"",625.3930712464,GJ,2020-05-01,1438.40406386672
15.1,g/GJ,EMEP,Public electricity and heat production,Tier 1 Emission Factor,,Table_3-6,1.A.1.a,NFR,Heavy Fuel Oil,"",15.1,g/GJ,"US EPA (2010), chapter 1.3",CO,,"",625.3930712464,GJ,2020-05-01,9443.43537582064
142,g/GJ,EMEP,Public electricity and heat production,Tier 1 Emission Factor,,Table_3-6,1.A.1.a,NFR,Heavy Fuel Oil,"",142,g/GJ,"US EPA (2010), chapter 1.3",NOx,,"",625.3930712464,GJ,2020-05-01,88805.8161169888
5.6,% of PM2.5,EMEP,Public electricity and heat production,Tier 1 Emission Factor,,Table_3-6,1.A.1.a,NFR,Heavy Fuel Oil,"",5.6,% of PM2.5,See note in Guidebook chapter,BC,,"",625.3930712464,GJ,2020-05-01,675.924831403109
25.2,g/GJ,EMEP,Public electricity and heat production,Tier 1 Emission Factor,,Table_3-6,1.A.1.a,NFR,Heavy Fuel Oil,"",25.2,g/GJ,"US EPA (2010), chapter 1.3",PM10,,"",625.3930712464,GJ,2020-05-01,15759.9053954093
255,mg/GJ,EMEP,Public electricity and heat production,Tier 1 Emission Factor,,Table_3-6,1.A.1.a,NFR,Heavy Fuel Oil,"",0.255,g/GJ,"US EPA (2010), chapter 1.3",Ni,,"",625.3930712464,GJ,2020-05-01,159.475233167832
2.55,mg/GJ,EMEP,Public electricity and heat production,Tier 1 Emission Factor,,Table_3-6,1.A.1.a,NFR,Heavy Fuel Oil,"",0.00255,g/GJ,"US EPA (2010), chapter 1.3",Cr,,"",625.3930712464,GJ,2020-05-01,1.59475233167832
6.92,µg/GJ,EMEP,Public electricity and heat production,Tier 1 Emission Factor,,Table_3-6,1.A.1.a,NFR,Heavy Fuel Oil,"",6.92e-06,g/GJ,"US EPA (2010), chapter 1.3","Indeno(1,2,3-cd)pyrene",,"",625.3930712464,GJ,2020-05-01,0.00432772005302509
2.5,ng I-TEQ/GJ,EMEP,Public electricity and heat production,Tier 1 Emission Factor,,Table_3-6,1.A.1.a,NFR,Heavy Fuel Oil,"",2.5e-09,g/GJ,UNEP (2005); Heavy fuel fired power boilers,PCDD/F,,"",625.3930712464,GJ,2020-05-01,1.563482678116e-06
87.8,mg/GJ,EMEP,Public electricity and heat production,Tier 1 Emission Factor,,Table_3-6,1.A.1.a,NFR,Heavy Fuel Oil,"",0.0878,g/GJ,"US EPA (2010), chapter 1.3",Zn,,"",625.3930712464,GJ,2020-05-01,54.9095116554339
2.06,mg/GJ,EMEP,Public electricity and heat production,Tier 1 Emission Factor,,Table_3-6,1.A.1.a,NFR,Heavy Fuel Oil,"",0.00206,g/GJ,"US EPA (2010), chapter 1.3",Se,,"",625.3930712464,GJ,2020-05-01,1.28830972676758
5.31,mg/GJ,EMEP,Public electricity and heat production,Tier 1 Emission Factor,,Table_3-6,1.A.1.a,NFR,Heavy Fuel Oil,"",0.00531,g/GJ,"US EPA (2010), chapter 1.3",Cu,,"",591.27654309245,GJ,2020-06-01,3.13967844382091
495,g/GJ,EMEP,Public electricity and heat production,Tier 1 Emission Factor,,Table_3-6,1.A.1.a,NFR,Heavy Fuel Oil,"",495,g/GJ,See note in Guidebook chapter,SOx,,"",591.27654309245,GJ,2020-06-01,292681.888830763
3.98,mg/GJ,EMEP,Public electricity and heat production,Tier 1 Emission Factor,,Table_3-6,1.A.1.a,NFR,Heavy Fuel Oil,"",0.00398,g/GJ,"US EPA (2010), chapter 1.3",As,,"",591.27654309245,GJ,2020-06-01,2.35328064150795
0.341,mg/GJ,EMEP,Public electricity and heat production,Tier 1 Emission Factor,,Table_3-6,1.A.1.a,NFR,Heavy Fuel Oil,"",0.000341,g/GJ,"US EPA (2010), chapter 1.3",Hg,,"",591.27654309245,GJ,2020-06-01,0.201625301194525
1.29,mg/GJ,EMEP,Public electricity and heat production,Tier 1 Emission Factor,,Table_3-6,1.A.1.a,NFR,Heavy Fuel Oil,"",0.00129,g/GJ,"US EPA (2010), chapter 1.3",Cd,,"",591.27654309245,GJ,2020-06-01,0.76274674058926
4.56,mg/GJ,EMEP,Public electricity and heat production,Tier 1 Emission Factor,,Table_3-6,1.A.1.a,NFR,Heavy Fuel Oil,"",0.00456,g/GJ,"US EPA (2010), chapter 1.3",Pb,,"",591.27654309245,GJ,2020-06-01,2.69622103650157
19.3,g/GJ,EMEP,Public electricity and heat production,Tier 1 Emission Factor,,Table_3-6,1.A.1.a,NFR,Heavy Fuel Oil,"",19.3,g/GJ,"US EPA (2010), chapter 1.3",PM2.5,,"",591.27654309245,GJ,2020-06-01,11411.6372816843
35.4,g/GJ,EMEP,Public electricity and heat production,Tier 1 Emission Factor,,Table_3-6,1.A.1.a,NFR,Heavy Fuel Oil,"",35.4,g/GJ,"US EPA (2010), chapter 1.3",TSP,,"",591.27654309245,GJ,2020-06-01,20931.1896254727
2.3,g/GJ,EMEP,Public electricity and heat production,Tier 1 Emission Factor,,Table_3-6,1.A.1.a,NFR,Heavy Fuel Oil,"",2.3,g/GJ,"US EPA (2010), chapter 1.3",NMVOC,,"",591.27654309245,GJ,2020-06-01,1359.93604911263
15.1,g/GJ,EMEP,Public electricity and heat production,Tier 1 Emission Factor,,Table_3-6,1.A.1.a,NFR,Heavy Fuel Oil,"",15.1,g/GJ,"US EPA (2010), chapter 1.3",CO,,"",591.27654309245,GJ,2020-06-01,8928.27580069599
142,g/GJ,EMEP,Public electricity and heat production,Tier 1 Emission Factor,,Table_3-6,1.A.1.a,NFR,Heavy Fuel Oil,"",142,g/GJ,"US EPA (2010), chapter 1.3",NOx,,"",591.27654309245,GJ,2020-06-01,83961.2691191279
5.6,% of PM2.5,EMEP,Public electricity and heat production,Tier 1 Emission Factor,,Table_3-6,1.A.1.a,NFR,Heavy Fuel Oil,"",5.6,% of PM2.5,See note in Guidebook chapter,BC,,"",591.27654309245,GJ,2020-06-01,639.05168777432
25.2,g/GJ,EMEP,Public electricity and heat production,Tier 1 Emission Factor,,Table_3-6,1.A.1.a,NFR,Heavy Fuel Oil,"",25.2,g/GJ,"US EPA (2010), chapter 1.3",PM10,,"",591.27654309245,GJ,2020-06-01,14900.1688859297
255,mg/GJ,EMEP,Public electricity and heat production,Tier 1 Emission Factor,,Table_3-6,1.A.1.a,NFR,Heavy Fuel Oil,"",0.255,g/GJ,"US EPA (2010), chapter 1.3",Ni,,"",591.27654309245,GJ,2020-06-01,150.775518488575
2.55,mg/GJ,EMEP,Public electricity and heat production,Tier 1 Emission Factor,,Table_3-6,1.A.1.a,NFR,Heavy Fuel Oil,"",0.00255,g/GJ,"US EPA (2010), chapter 1.3",Cr,,"",591.27654309245,GJ,2020-06-01,1.50775518488575
6.92,µg/GJ,EMEP,Public electricity and heat production,Tier 1 Emission Factor,,Table_3-6,1.A.1.a,NFR,Heavy Fuel Oil,"",6.92e-06,g/GJ,"US EPA (2010), chapter 1.3","Indeno(1,2,3-cd)pyrene",,"",591.27654309245,GJ,2020-06-01,0.00409163367819975
2.5,ng I-TEQ/GJ,EMEP,Public electricity and heat production,Tier 1 Emission Factor,,Table_3-6,1.A.1.a,NFR,Heavy Fuel Oil,"",2.5e-09,g/GJ,UNEP (2005); Heavy fuel fired power boilers,PCDD/F,,"",591.27654309245,GJ,2020-06-01,1.47819135773112e-06
87.8,mg/GJ,EMEP,Public electricity and heat production,Tier 1 Emission Factor,,Table_3-6,1.A.1.a,NFR,Heavy Fuel Oil,"",0.0878,g/GJ,"US EPA (2010), chapter 1.3",Zn,,"",591.27654309245,GJ,2020-06-01,51.9140804835171
2.06,mg/GJ,EMEP,Public electricity and heat production,Tier 1 Emission Factor,,Table_3-6,1.A.1.a,NFR,Heavy Fuel Oil,"",0.00206,g/GJ,"US EPA (2010), chapter 1.3",Se,,"",591.27654309245,GJ,2020-06-01,1.21802967877045
5.31,mg/GJ,EMEP,Public electricity and heat production,Tier 1 Emission Factor,,Table_3-6,1.A.1.a,NFR,Heavy Fuel Oil,"",0.00531,g/GJ,"US EPA (2010), chapter 1.3",Cu,,"",611.451697758551,GJ,2020-07-01,3.24680851509791
495,g/GJ,EMEP,Public electricity and heat production,Tier 1 Emission Factor,,Table_3-6,1.A.1.a,NFR,Heavy Fuel Oil,"",495,g/GJ,See note in Guidebook chapter,SOx,,"",611.451697758551,GJ,2020-07-01,302668.590390483
3.98,mg/GJ,EMEP,Public electricity and heat production,Tier 1 Emission Factor,,Table_3-6,1.A.1.a,NFR,Heavy Fuel Oil,"",0.00398,g/GJ,"US EPA (2010), chapter 1.3",As,,"",611.451697758551,GJ,2020-07-01,2.43357775707903
0.341,mg/GJ,EMEP,Public electricity and heat production,Tier 1 Emission Factor,,Table_3-6,1.A.1.a,NFR,Heavy Fuel Oil,"",0.000341,g/GJ,"US EPA (2010), chapter 1.3",Hg,,"",611.451697758551,GJ,2020-07-01,0.208505028935666
1.29,mg/GJ,EMEP,Public electricity and heat production,Tier 1 Emission Factor,,Table_3-6,1.A.1.a,NFR,Heavy Fuel Oil,"",0.00129,g/GJ,"US EPA (2010), chapter 1.3",Cd,,"",611.451697758551,GJ,2020-07-01,0.788772690108531
4.56,mg/GJ,EMEP,Public electricity and heat production,Tier 1 Emission Factor,,Table_3-6,1.A.1.a,NFR,Heavy Fuel Oil,"",0.00456,g/GJ,"US EPA (2010), chapter 1.3",Pb,,"",611.451697758551,GJ,2020-07-01,2.78821974177899
19.3,g/GJ,EMEP,Public electricity and heat production,Tier 1 Emission Factor,,Table_3-6,1.A.1.a,NFR,Heavy Fuel Oil,"",19.3,g/GJ,"US EPA (2010), chapter 1.3",PM2.5,,"",611.451697758551,GJ,2020-07-01,11801.01776674
35.4,g/GJ,EMEP,Public electricity and heat production,Tier 1 Emission Factor,,Table_3-6,1.A.1.a,NFR,Heavy Fuel Oil,"",35.4,g/GJ,"US EPA (2010), chapter 1.3",TSP,,"",611.451697758551,GJ,2020-07-01,21645.3901006527
2.3,g/GJ,EMEP,Public electricity and heat production,Tier 1 Emission Factor,,Table_3-6,1.A.1.a,NFR,Heavy Fuel Oil,"",2.3,g/GJ,"US EPA (2010), chapter 1.3",NMVOC,,"",611.451697758551,GJ,2020-07-01,1406.33890484467
15.1,g/GJ,EMEP,Public electricity and heat production,Tier 1 Emission Factor,,Table_3-6,1.A.1.a,NFR,Heavy Fuel Oil,"",15.1,g/GJ,"US EPA (2010), chapter 1.3",CO,,"",611.451697758551,GJ,2020-07-01,9232.92063615412
142,g/GJ,EMEP,Public electricity and heat production,Tier 1 Emission Factor,,Table_3-6,1.A.1.a,NFR,Heavy Fuel Oil,"",142,g/GJ,"US EPA (2010), chapter 1.3",NOx,,"",611.451697758551,GJ,2020-07-01,86826.1410817142
5.6,% of PM2.5,EMEP,Public electricity and heat production,Tier 1 Emission Factor,,Table_3-6,1.A.1.a,NFR,Heavy Fuel Oil,"",5.6,% of PM2.5,See note in Guidebook chapter,BC,,"",611.451697758551,GJ,2020-07-01,660.856994937442
25.2,g/GJ,EMEP,Public electricity and heat production,Tier 1 Emission Factor,,Table_3-6,1.A.1.a,NFR,Heavy Fuel Oil,"",25.2,g/GJ,"US EPA (2010), chapter 1.3",PM10,,"",611.451697758551,GJ,2020-07-01,15408.5827835155
255,mg/GJ,EMEP,Public electricity and heat production,Tier 1 Emission Factor,,Table_3-6,1.A.1.a,NFR,Heavy Fuel Oil,"",0.255,g/GJ,"US EPA (2010), chapter 1.3",Ni,,"",611.451697758551,GJ,2020-07-01,155.92018292843
2.55,mg/GJ,EMEP,Public electricity and heat production,Tier 1 Emission Factor,,Table_3-6,1.A.1.a,NFR,Heavy Fuel Oil,"",0.00255,g/GJ,"US EPA (2010), chapter 1.3",Cr,,"",611.451697758551,GJ,2020-07-01,1.5592018292843
6.92,µg/GJ,EMEP,Public electricity and heat production,Tier 1 Emission Factor,,Table_3-6,1.A.1.a,NFR,Heavy Fuel Oil,"",6.92e-06,g/GJ,"US EPA (2010), chapter 1.3","Indeno(1,2,3-cd)pyrene",,"",611.451697758551,GJ,2020-07-01,0.00423124574848917
2.5,ng I-TEQ/GJ,EMEP,Public electricity and heat production,Tier 1 Emission Factor,,Table_3-6,1.A.1.a,NFR,Heavy Fuel Oil,"",2.5e-09,g/GJ,UNEP (2005); Heavy fuel fired power boilers,PCDD/F,,"",611.451697758551,GJ,2020-07-01,1.52862924439638e-06
87.8,mg/GJ,EMEP,Public electricity and heat production,Tier 1 Emission Factor,,Table_3-6,1.A.1.a,NFR,Heavy Fuel Oil,"",0.0878,g/GJ,"US EPA (2010), chapter 1.3",Zn,,"",611.451697758551,GJ,2020-07-01,53.6854590632008
2.06,mg/GJ,EMEP,Public electricity and heat production,Tier 1 Emission Factor,,Table_3-6,1.A.1.a,NFR,Heavy Fuel Oil,"",0.00206,g/GJ,"US EPA (2010), chapter 1.3",Se,,"",611.451697758551,GJ,2020-07-01,1.25959049738261
5.31,mg/GJ,EMEP,Public electricity and heat production,Tier 1 Emission Factor,,Table_3-6,1.A.1.a,NFR,Heavy Fuel Oil,"",0.00531,g/GJ,"US EPA (2010), chapter 1.3",Cu,,"",450.371410295193,GJ,2020-08-01,2.39147218866748
495,g/GJ,EMEP,Public electricity and heat production,Tier 1 Emission Factor,,Table_3-6,1.A.1.a,NFR,Heavy Fuel Oil,"",495,g/GJ,See note in Guidebook chapter,SOx,,"",450.371410295193,GJ,2020-08-01,222933.848096121
3.98,mg/GJ,EMEP,Public electricity and heat production,Tier 1 Emission Factor,,Table_3-6,1.A.1.a,NFR,Heavy Fuel Oil,"",0.00398,g/GJ,"US EPA (2010), chapter 1.3",As,,"",450.371410295193,GJ,2020-08-01,1.79247821297487
0.341,mg/GJ,EMEP,Public electricity and heat production,Tier 1 Emission Factor,,Table_3-6,1.A.1.a,NFR,Heavy Fuel Oil,"",0.000341,g/GJ,"US EPA (2010), chapter 1.3",Hg,,"",450.371410295193,GJ,2020-08-01,0.153576650910661
1.29,mg/GJ,EMEP,Public electricity and heat production,Tier 1 Emission Factor,,Table_3-6,1.A.1.a,NFR,Heavy Fuel Oil,"",0.00129,g/GJ,"US EPA (2010), chapter 1.3",Cd,,"",450.371410295193,GJ,2020-08-01,0.5809791192808
4.56,mg/GJ,EMEP,Public electricity and heat production,Tier 1 Emission Factor,,Table_3-6,1.A.1.a,NFR,Heavy Fuel Oil,"",0.00456,g/GJ,"US EPA (2010), chapter 1.3",Pb,,"",450.371410295193,GJ,2020-08-01,2.05369363094608
19.3,g/GJ,EMEP,Public electricity and heat production,Tier 1 Emission Factor,,Table_3-6,1.A.1.a,NFR,Heavy Fuel Oil,"",19.3,g/GJ,"US EPA (2010), chapter 1.3",PM2.5,,"",450.371410295193,GJ,2020-08-01,8692.16821869723
35.4,g/GJ,EMEP,Public electricity and heat production,Tier 1 Emission Factor,,Table_3-6,1.A.1.a,NFR,Heavy Fuel Oil,"",35.4,g/GJ,"US EPA (2010), chapter 1.3",TSP,,"",450.371410295193,GJ,2020-08-01,15943.1479244498
2.3,g/GJ,EMEP,Public electricity and heat production,Tier 1 Emission Factor,,Table_3-6,1.A.1.a,NFR,Heavy Fuel Oil,"",2.3,g/GJ,"US EPA (2010), chapter 1.3",NMVOC,,"",450.371410295193,GJ,2020-08-01,1035.85424367894
15.1,g/GJ,EMEP,Public electricity and heat production,Tier 1 Emission Factor,,Table_3-6,1.A.1.a,NFR,Heavy Fuel Oil,"",15.1,g/GJ,"US EPA (2010), chapter 1.3",CO,,"",450.371410295193,GJ,2020-08-01,6800.60829545742
142,g/GJ,EMEP,Public electricity and heat production,Tier 1 Emission Factor,,Table_3-6,1.A.1.a,NFR,Heavy Fuel Oil,"",142,g/GJ,"US EPA (2010), chapter 1.3",NOx,,"",450.371410295193,GJ,2020-08-01,63952.7402619175
5.6,% of PM2.5,EMEP,Public electricity and heat production,Tier 1 Emission Factor,,Table_3-6,1.A.1.a,NFR,Heavy Fuel Oil,"",5.6,% of PM2.5,See note in Guidebook chapter,BC,,"",450.371410295193,GJ,2020-08-01,486.761420247045
25.2,g/GJ,EMEP,Public electricity and heat production,Tier 1 Emission Factor,,Table_3-6,1.A.1.a,NFR,Heavy Fuel Oil,"",25.2,g/GJ,"US EPA (2010), chapter 1.3",PM10,,"",450.371410295193,GJ,2020-08-01,11349.3595394389
255,mg/GJ,EMEP,Public electricity and heat production,Tier 1 Emission Factor,,Table_3-6,1.A.1.a,NFR,Heavy Fuel Oil,"",0.255,g/GJ,"US EPA (2010), chapter 1.3",Ni,,"",450.371410295193,GJ,2020-08-01,114.844709625274
2.55,mg/GJ,EMEP,Public electricity and heat production,Tier 1 Emission Factor,,Table_3-6,1.A.1.a,NFR,Heavy Fuel Oil,"",0.00255,g/GJ,"US EPA (2010), chapter 1.3",Cr,,"",450.371410295193,GJ,2020-08-01,1.14844709625274
6.92,µg/GJ,EMEP,Public electricity and heat production,Tier 1 Emission Factor,,Table_3-6,1.A.1.a,NFR,Heavy Fuel Oil,"",6.92e-06,g/GJ,"US EPA (2010), chapter 1.3","Indeno(1,2,3-cd)pyrene",,"",450.371410295193,GJ,2020-08-01,0.00311657015924274
2.5,ng I-TEQ/GJ,EMEP,Public electricity and heat production,Tier 1 Emission Factor,,Table_3-6,1.A.1.a,NFR,Heavy Fuel Oil,"",2.5e-09,g/GJ,UNEP (2005); Heavy fuel fired power boilers,PCDD/F,,"",450.371410295193,GJ,2020-08-01,1.12592852573798e-06
87.8,mg/GJ,EMEP,Public electricity and heat production,Tier 1 Emission Factor,,Table_3-6,1.A.1.a,NFR,Heavy Fuel Oil,"",0.0878,g/GJ,"US EPA (2010), chapter 1.3",Zn,,"",450.371410295193,GJ,2020-08-01,39.542609823918
2.06,mg/GJ,EMEP,Public electricity and heat production,Tier 1 Emission Factor,,Table_3-6,1.A.1.a,NFR,Heavy Fuel Oil,"",0.00206,g/GJ,"US EPA (2010), chapter 1.3",Se,,"",450.371410295193,GJ,2020-08-01,0.927765105208098
5.31,mg/GJ,EMEP,Public electricity and heat production,Tier 1 Emission Factor,,Table_3-6,1.A.1.a,NFR,Heavy Fuel Oil,"",0.00531,g/GJ,"US EPA (2010), chapter 1.3",Cu,,"",466.915411266811,GJ,2020-09-01,2.47932083382677
495,g/GJ,EMEP,Public electricity and heat production,Tier 1 Emission Factor,,Table_3-6,1.A.1.a,NFR,Heavy Fuel Oil,"",495,g/GJ,See note in Guidebook chapter,SOx,,"",466.915411266811,GJ,2020-09-01,231123.128577071
3.98,mg/GJ,EMEP,Public electricity and heat production,Tier 1 Emission Factor,,Table_3-6,1.A.1.a,NFR,Heavy Fuel Oil,"",0.00398,g/GJ,"US EPA (2010), chapter 1.3",As,,"",466.915411266811,GJ,2020-09-01,1.85832333684191
0.341,mg/GJ,EMEP,Public electricity and heat production,Tier 1 Emission Factor,,Table_3-6,1.A.1.a,NFR,Heavy Fuel Oil,"",0.000341,g/GJ,"US EPA (2010), chapter 1.3",Hg,,"",466.915411266811,GJ,2020-09-01,0.159218155241983
1.29,mg/GJ,EMEP,Public electricity and heat production,Tier 1 Emission Factor,,Table_3-6,1.A.1.a,NFR,Heavy Fuel Oil,"",0.00129,g/GJ,"US EPA (2010), chapter 1.3",Cd,,"",466.915411266811,GJ,2020-09-01,0.602320880534186
4.56,mg/GJ,EMEP,Public electricity and heat production,Tier 1 Emission Factor,,Table_3-6,1.A.1.a,NFR,Heavy Fuel Oil,"",0.00456,g/GJ,"US EPA (2010), chapter 1.3",Pb,,"",466.915411266811,GJ,2020-09-01,2.12913427537666
19.3,g/GJ,EMEP,Public electricity and heat production,Tier 1 Emission Factor,,Table_3-6,1.A.1.a,NFR,Heavy Fuel Oil,"",19.3,g/GJ,"US EPA (2010), chapter 1.3",PM2.5,,"",466.915411266811,GJ,2020-09-01,9011.46743744945
35.4,g/GJ,EMEP,Public electricity and heat production,Tier 1 Emission Factor,,Table_3-6,1.A.1.a,NFR,Heavy Fuel Oil,"",35.4,g/GJ,"US EPA (2010), chapter 1.3",TSP,,"",466.915411266811,GJ,2020-09-01,16528.8055588451
2.3,g/GJ,EMEP,Public electricity and heat production,Tier 1 Emission Factor,,Table_3-6,1.A.1.a,NFR,Heavy Fuel Oil,"",2.3,g/GJ,"US EPA (2010), chapter 1.3",NMVOC,,"",466.915411266811,GJ,2020-09-01,1073.90544591367
15.1,g/GJ,EMEP,Public electricity and heat production,Tier 1 Emission Factor,,Table_3-6,1.A.1.a,NFR,Heavy Fuel Oil,"",15.1,g/GJ,"US EPA (2010), chapter 1.3",CO,,"",466.915411266811,GJ,2020-09-01,7050.42271012885
142,g/GJ,EMEP,Public electricity and heat production,Tier 1 Emission Factor,,Table_3-6,1.A.1.a,NFR,Heavy Fuel Oil,"",142,g/GJ,"US EPA (2010), chapter 1.3",NOx,,"",466.915411266811,GJ,2020-09-01,66301.9883998872
5.6,% of PM2.5,EMEP,Public electricity and heat production,Tier 1 Emission Factor,,Table_3-6,1.A.1.a,NFR,Heavy Fuel Oil,"",5.6,% of PM2.5,See note in Guidebook chapter,BC,,"",466.915411266811,GJ,2020-09-01,504.642176497169
25.2,g/GJ,EMEP,Public electricity and heat production,Tier 1 Emission Factor,,Table_3-6,1.A.1.a,NFR,Heavy Fuel Oil,"",25.2,g/GJ,"US EPA (2010), chapter 1.3",PM10,,"",466.915411266811,GJ,2020-09-01,11766.2683639236
255,mg/GJ,EMEP,Public electricity and heat production,Tier 1 Emission Factor,,Table_3-6,1.A.1.a,NFR,Heavy Fuel Oil,"",0.255,g/GJ,"US EPA (2010), chapter 1.3",Ni,,"",466.915411266811,GJ,2020-09-01,119.063429873037
2.55,mg/GJ,EMEP,Public electricity and heat production,Tier 1 Emission Factor,,Table_3-6,1.A.1.a,NFR,Heavy Fuel Oil,"",0.00255,g/GJ,"US EPA (2010), chapter 1.3",Cr,,"",466.915411266811,GJ,2020-09-01,1.19063429873037
6.92,µg/GJ,EMEP,Public electricity and heat production,Tier 1 Emission Factor,,Table_3-6,1.A.1.a,NFR,Heavy Fuel Oil,"",6.92e-06,g/GJ,"US EPA (2010), chapter 1.3","Indeno(1,2,3-cd)pyrene",,"",466.915411266811,GJ,2020-09-01,0.00323105464596633
2.5,ng I-TEQ/GJ,EMEP,Public electricity and heat production,Tier 1 Emission Factor,,Table_3-6,1.A.1.a,NFR,Heavy Fuel Oil,"",2.5e-09,g/GJ,UNEP (2005); Heavy fuel fired power boilers,PCDD/F,,"",466.915411266811,GJ,2020-09-01,1.16728852816703e-06
87.8,mg/GJ,EMEP,Public electricity and heat production,Tier 1 Emission Factor,,Table_3-6,1.A.1.a,NFR,Heavy Fuel Oil,"",0.0878,g/GJ,"US EPA (2010), chapter 1.3",Zn,,"",466.915411266811,GJ,2020-09-01,40.995173109226
2.06,mg/GJ,EMEP,Public electricity and heat production,Tier 1 Emission Factor,,Table_3-6,1.A.1.a,NFR,Heavy Fuel Oil,"",0.00206,g/GJ,"US EPA (2010), chapter 1.3",Se,,"",466.915411266811,GJ,2020-09-01,0.961845747209631
5.31,mg/GJ,EMEP,Public electricity and heat production,Tier 1 Emission Factor,,Table_3-6,1.A.1.a,NFR,Heavy Fuel Oil,"",0.00531,g/GJ,"US EPA (2010), chapter 1.3",Cu,,"",529.972116185998,GJ,2020-10-01,2.81415193694765
495,g/GJ,EMEP,Public electricity and heat production,Tier 1 Emission Factor,,Table_3-6,1.A.1.a,NFR,Heavy Fuel Oil,"",495,g/GJ,See note in Guidebook chapter,SOx,,"",529.972116185998,GJ,2020-10-01,262336.197512069
3.98,mg/GJ,EMEP,Public electricity and heat production,Tier 1 Emission Factor,,Table_3-6,1.A.1.a,NFR,Heavy Fuel Oil,"",0.00398,g/GJ,"US EPA (2010), chapter 1.3",As,,"",529.972116185998,GJ,2020-10-01,2.10928902242027
0.341,mg/GJ,EMEP,Public electricity and heat production,Tier 1 Emission Factor,,Table_3-6,1.A.1.a,NFR,Heavy Fuel Oil,"",0.000341,g/GJ,"US EPA (2010), chapter 1.3",Hg,,"",529.972116185998,GJ,2020-10-01,0.180720491619425
1.29,mg/GJ,EMEP,Public electricity and heat production,Tier 1 Emission Factor,,Table_3-6,1.A.1.a,NFR,Heavy Fuel Oil,"",0.00129,g/GJ,"US EPA (2010), chapter 1.3",Cd,,"",529.972116185998,GJ,2020-10-01,0.683664029879937
4.56,mg/GJ,EMEP,Public electricity and heat production,Tier 1 Emission Factor,,Table_3-6,1.A.1.a,NFR,Heavy Fuel Oil,"",0.00456,g/GJ,"US EPA (2010), chapter 1.3",Pb,,"",529.972116185998,GJ,2020-10-01,2.41667284980815
19.3,g/GJ,EMEP,Public electricity and heat production,Tier 1 Emission Factor,,Table_3-6,1.A.1.a,NFR,Heavy Fuel Oil,"",19.3,g/GJ,"US EPA (2010), chapter 1.3",PM2.5,,"",529.972116185998,GJ,2020-10-01,10228.4618423898
35.4,g/GJ,EMEP,Public electricity and heat production,Tier 1 Emission Factor,,Table_3-6,1.A.1.a,NFR,Heavy Fuel Oil,"",35.4,g/GJ,"US EPA (2010), chapter 1.3",TSP,,"",529.972116185998,GJ,2020-10-01,18761.0129129843
2.3,g/GJ,EMEP,Public electricity and heat production,Tier 1 Emission Factor,,Table_3-6,1.A.1.a,NFR,Heavy Fuel Oil,"",2.3,g/GJ,"US EPA (2010), chapter 1.3",NMVOC,,"",529.972116185998,GJ,2020-10-01,1218.93586722779
15.1,g/GJ,EMEP,Public electricity and heat production,Tier 1 Emission Factor,,Table_3-6,1.A.1.a,NFR,Heavy Fuel Oil,"",15.1,g/GJ,"US EPA (2010), chapter 1.3",CO,,"",529.972116185998,GJ,2020-10-01,8002.57895440856
142,g/GJ,EMEP,Public electricity and heat production,Tier 1 Emission Factor,,Table_3-6,1.A.1.a,NFR,Heavy Fuel Oil,"",142,g/GJ,"US EPA (2010), chapter 1.3",NOx,,"",529.972116185998,GJ,2020-10-01,75256.0404984117
5.6,% of PM2.5,EMEP,Public electricity and heat production,Tier 1 Emission Factor,,Table_3-6,1.A.1.a,NFR,Heavy Fuel Oil,"",5.6,% of PM2.5,See note in Guidebook chapter,BC,,"",529.972116185998,GJ,2020-10-01,572.793863173826
25.2,g/GJ,EMEP,Public electricity and heat production,Tier 1 Emission Factor,,Table_3-6,1.A.1.a,NFR,Heavy Fuel Oil,"",25.2,g/GJ,"US EPA (2010), chapter 1.3",PM10,,"",529.972116185998,GJ,2020-10-01,13355.2973278871
255,mg/GJ,EMEP,Public electricity and heat production,Tier 1 Emission Factor,,Table_3-6,1.A.1.a,NFR,Heavy Fuel Oil,"",0.255,g/GJ,"US EPA (2010), chapter 1.3",Ni,,"",529.972116185998,GJ,2020-10-01,135.142889627429
2.55,mg/GJ,EMEP,Public electricity and heat production,Tier 1 Emission Factor,,Table_3-6,1.A.1.a,NFR,Heavy Fuel Oil,"",0.00255,g/GJ,"US EPA (2010), chapter 1.3",Cr,,"",529.972116185998,GJ,2020-10-01,1.35142889627429
6.92,µg/GJ,EMEP,Public electricity and heat production,Tier 1 Emission Factor,,Table_3-6,1.A.1.a,NFR,Heavy Fuel Oil,"",6.92e-06,g/GJ,"US EPA (2010), chapter 1.3","Indeno(1,2,3-cd)pyrene",,"",529.972116185998,GJ,2020-10-01,0.0036674070440071
2.5,ng I-TEQ/GJ,EMEP,Public electricity and heat production,Tier 1 Emission Factor,,Table_3-6,1.A.1.a,NFR,Heavy Fuel Oil,"",2.5e-09,g/GJ,UNEP (2005); Heavy fuel fired power boilers,PCDD/F,,"",529.972116185998,GJ,2020-10-01,1.32493029046499e-06
87.8,mg/GJ,EMEP,Public electricity and heat production,Tier 1 Emission Factor,,Table_3-6,1.A.1.a,NFR,Heavy Fuel Oil,"",0.0878,g/GJ,"US EPA (2010), chapter 1.3",Zn,,"",529.972116185998,GJ,2020-10-01,46.5315518011306
2.06,mg/GJ,EMEP,Public electricity and heat production,Tier 1 Emission Factor,,Table_3-6,1.A.1.a,NFR,Heavy Fuel Oil,"",0.00206,g/GJ,"US EPA (2010), chapter 1.3",Se,,"",529.972116185998,GJ,2020-10-01,1.09174255934315
5.31,mg/GJ,EMEP,Public electricity and heat production,Tier 1 Emission Factor,,Table_3-6,1.A.1.a,NFR,Heavy Fuel Oil,"",0.00531,g/GJ,"US EPA (2010), chapter 1.3",Cu,,"",581.310350945619,GJ,2020-11-01,3.08675796352124
495,g/GJ,EMEP,Public electricity and heat production,Tier 1 Emission Factor,,Table_3-6,1.A.1.a,NFR,Heavy Fuel Oil,"",495,g/GJ,See note in Guidebook chapter,SOx,,"",581.310350945619,GJ,2020-11-01,287748.623718081
3.98,mg/GJ,EMEP,Public electricity and heat production,Tier 1 Emission Factor,,Table_3-6,1.A.1.a,NFR,Heavy Fuel Oil,"",0.00398,g/GJ,"US EPA (2010), chapter 1.3",As,,"",581.310350945619,GJ,2020-11-01,2.31361519676356
0.341,mg/GJ,EMEP,Public electricity and heat production,Tier 1 Emission Factor,,Table_3-6,1.A.1.a,NFR,Heavy Fuel Oil,"",0.000341,g/GJ,"US EPA (2010), chapter 1.3",Hg,,"",581.310350945619,GJ,2020-11-01,0.198226829672456
1.29,mg/GJ,EMEP,Public electricity and heat production,Tier 1 Emission Factor,,Table_3-6,1.A.1.a,NFR,Heavy Fuel Oil,"",0.00129,g/GJ,"US EPA (2010), chapter 1.3",Cd,,"",581.310350945619,GJ,2020-11-01,0.749890352719849
4.56,mg/GJ,EMEP,Public electricity and heat production,Tier 1 Emission Factor,,Table_3-6,1.A.1.a,NFR,Heavy Fuel Oil,"",0.00456,g/GJ,"US EPA (2010), chapter 1.3",Pb,,"",581.310350945619,GJ,2020-11-01,2.65077520031202
19.3,g/GJ,EMEP,Public electricity and heat production,Tier 1 Emission Factor,,Table_3-6,1.A.1.a,NFR,Heavy Fuel Oil,"",19.3,g/GJ,"US EPA (2010), chapter 1.3",PM2.5,,"",581.310350945619,GJ,2020-11-01,11219.2897732504
35.4,g/GJ,EMEP,Public electricity and heat production,Tier 1 Emission Factor,,Table_3-6,1.A.1.a,NFR,Heavy Fuel Oil,"",35.4,g/GJ,"US EPA (2010), chapter 1.3",TSP,,"",581.310350945619,GJ,2020-11-01,20578.3864234749
2.3,g/GJ,EMEP,Public electricity and heat production,Tier 1 Emission Factor,,Table_3-6,1.A.1.a,NFR,Heavy Fuel Oil,"",2.3,g/GJ,"US EPA (2010), chapter 1.3",NMVOC,,"",581.310350945619,GJ,2020-11-01,1337.01380717492
15.1,g/GJ,EMEP,Public electricity and heat production,Tier 1 Emission Factor,,Table_3-6,1.A.1.a,NFR,Heavy Fuel Oil,"",15.1,g/GJ,"US EPA (2010), chapter 1.3",CO,,"",581.310350945619,GJ,2020-11-01,8777.78629927885
142,g/GJ,EMEP,Public electricity and heat production,Tier 1 Emission Factor,,Table_3-6,1.A.1.a,NFR,Heavy Fuel Oil,"",142,g/GJ,"US EPA (2010), chapter 1.3",NOx,,"",581.310350945619,GJ,2020-11-01,82546.0698342779
5.6,% of PM2.5,EMEP,Public electricity and heat production,Tier 1 Emission Factor,,Table_3-6,1.A.1.a,NFR,Heavy Fuel Oil,"",5.6,% of PM2.5,See note in Guidebook chapter,BC,,"",581.310350945619,GJ,2020-11-01,628.280227302025
25.2,g/GJ,EMEP,Public electricity and heat production,Tier 1 Emission Factor,,Table_3-6,1.A.1.a,NFR,Heavy Fuel Oil,"",25.2,g/GJ,"US EPA (2010), chapter 1.3",PM10,,"",581.310350945619,GJ,2020-11-01,14649.0208438296
255,mg/GJ,EMEP,Public electricity and heat production,Tier 1 Emission Factor,,Table_3-6,1.A.1.a,NFR,Heavy Fuel Oil,"",0.255,g/GJ,"US EPA (2010), chapter 1.3",Ni,,"",581.310350945619,GJ,2020-11-01,148.234139491133
2.55,mg/GJ,EMEP,Public electricity and heat production,Tier 1 Emission Factor,,Table_3-6,1.A.1.a,NFR,Heavy Fuel Oil,"",0.00255,g/GJ,"US EPA (2010), chapter 1.3",Cr,,"",581.310350945619,GJ,2020-11-01,1.48234139491133
6.92,µg/GJ,EMEP,Public electricity and heat production,Tier 1 Emission Factor,,Table_3-6,1.A.1.a,NFR,Heavy Fuel Oil,"",6.92e-06,g/GJ,"US EPA (2010), chapter 1.3","Indeno(1,2,3-cd)pyrene",,"",581.310350945619,GJ,2020-11-01,0.00402266762854368
2.5,ng I-TEQ/GJ,EMEP,Public electricity and heat production,Tier 1 Emission Factor,,Table_3-6,1.A.1.a,NFR,Heavy Fuel Oil,"",2.5e-09,g/GJ,UNEP (2005); Heavy fuel fired power boilers,PCDD/F,,"",581.310350945619,GJ,2020-11-01,1.45327587736405e-06
87.8,mg/GJ,EMEP,Public electricity and heat production,Tier 1 Emission Factor,,Table_3-6,1.A.1.a,NFR,Heavy Fuel Oil,"",0.0878,g/GJ,"US EPA (2010), chapter 1.3",Zn,,"",581.310350945619,GJ,2020-11-01,51.0390488130253
2.06,mg/GJ,EMEP,Public electricity and heat production,Tier 1 Emission Factor,,Table_3-6,1.A.1.a,NFR,Heavy Fuel Oil,"",0.00206,g/GJ,"US EPA (2010), chapter 1.3",Se,,"",581.310350945619,GJ,2020-11-01,1.19749932294798
5.31,mg/GJ,EMEP,Public electricity and heat production,Tier 1 Emission Factor,,Table_3-6,1.A.1.a,NFR,Heavy Fuel Oil,"",0.00531,g/GJ,"US EPA (2010), chapter 1.3",Cu,,"",562.429056286927,GJ,2020-12-01,2.98649828888358
495,g/GJ,EMEP,Public electricity and heat production,Tier 1 Emission Factor,,Table_3-6,1.A.1.a,NFR,Heavy Fuel Oil,"",495,g/GJ,See note in Guidebook chapter,SOx,,"",562.429056286927,GJ,2020-12-01,278402.382862029
3.98,mg/GJ,EMEP,Public electricity and heat production,Tier 1 Emission Factor,,Table_3-6,1.A.1.a,NFR,Heavy Fuel Oil,"",0.00398,g/GJ,"US EPA (2010), chapter 1.3",As,,"",562.429056286927,GJ,2020-12-01,2.23846764402197
0.341,mg/GJ,EMEP,Public electricity and heat production,Tier 1 Emission Factor,,Table_3-6,1.A.1.a,NFR,Heavy Fuel Oil,"",0.000341,g/GJ,"US EPA (2010), chapter 1.3",Hg,,"",562.429056286927,GJ,2020-12-01,0.191788308193842
1.29,mg/GJ,EMEP,Public electricity and heat production,Tier 1 Emission Factor,,Table_3-6,1.A.1.a,NFR,Heavy Fuel Oil,"",0.00129,g/GJ,"US EPA (2010), chapter 1.3",Cd,,"",562.429056286927,GJ,2020-12-01,0.725533482610136
4.56,mg/GJ,EMEP,Public electricity and heat production,Tier 1 Emission Factor,,Table_3-6,1.A.1.a,NFR,Heavy Fuel Oil,"",0.00456,g/GJ,"US EPA (2010), chapter 1.3",Pb,,"",562.429056286927,GJ,2020-12-01,2.56467649666839
19.3,g/GJ,EMEP,Public electricity and heat production,Tier 1 Emission Factor,,Table_3-6,1.A.1.a,NFR,Heavy Fuel Oil,"",19.3,g/GJ,"US EPA (2010), chapter 1.3",PM2.5,,"",562.429056286927,GJ,2020-12-01,10854.8807863377
35.4,g/GJ,EMEP,Public electricity and heat production,Tier 1 Emission Factor,,Table_3-6,1.A.1.a,NFR,Heavy Fuel Oil,"",35.4,g/GJ,"US EPA (2010), chapter 1.3",TSP,,"",562.429056286927,GJ,2020-12-01,19909.9885925572
2.3,g/GJ,EMEP,Public electricity and heat production,Tier 1 Emission Factor,,Table_3-6,1.A.1.a,NFR,Heavy Fuel Oil,"",2.3,g/GJ,"US EPA (2010), chapter 1.3",NMVOC,,"",562.429056286927,GJ,2020-12-01,1293.58682945993
15.1,g/GJ,EMEP,Public electricity and heat production,Tier 1 Emission Factor,,Table_3-6,1.A.1.a,NFR,Heavy Fuel Oil,"",15.1,g/GJ,"US EPA (2010), chapter 1.3",CO,,"",562.429056286927,GJ,2020-12-01,8492.6787499326
142,g/GJ,EMEP,Public electricity and heat production,Tier 1 Emission Factor,,Table_3-6,1.A.1.a,NFR,Heavy Fuel Oil,"",142,g/GJ,"US EPA (2010), chapter 1.3",NOx,,"",562.429056286927,GJ,2020-12-01,79864.9259927437
5.6,% of PM2.5,EMEP,Public electricity and heat production,Tier 1 Emission Factor,,Table_3-6,1.A.1.a,NFR,Heavy Fuel Oil,"",5.6,% of PM2.5,See note in Guidebook chapter,BC,,"",562.429056286927,GJ,2020-12-01,607.873324034911
25.2,g/GJ,EMEP,Public electricity and heat production,Tier 1 Emission Factor,,Table_3-6,1.A.1.a,NFR,Heavy Fuel Oil,"",25.2,g/GJ,"US EPA (2010), chapter 1.3",PM10,,"",562.429056286927,GJ,2020-12-01,14173.2122184306
255,mg/GJ,EMEP,Public electricity and heat production,Tier 1 Emission Factor,,Table_3-6,1.A.1.a,NFR,Heavy Fuel Oil,"",0.255,g/GJ,"US EPA (2010), chapter 1.3",Ni,,"",562.429056286927,GJ,2020-12-01,143.419409353166
2.55,mg/GJ,EMEP,Public electricity and heat production,Tier 1 Emission Factor,,Table_3-6,1.A.1.a,NFR,Heavy Fuel Oil,"",0.00255,g/GJ,"US EPA (2010), chapter 1.3",Cr,,"",562.429056286927,GJ,2020-12-01,1.43419409353166
6.92,µg/GJ,EMEP,Public electricity and heat production,Tier 1 Emission Factor,,Table_3-6,1.A.1.a,NFR,Heavy Fuel Oil,"",6.92e-06,g/GJ,"US EPA (2010), chapter 1.3","Indeno(1,2,3-cd)pyrene",,"",562.429056286927,GJ,2020-12-01,0.00389200906950554
2.5,ng I-TEQ/GJ,EMEP,Public electricity and heat production,Tier 1 Emission Factor,,Table_3-6,1.A.1.a,NFR,Heavy Fuel Oil,"",2.5e-09,g/GJ,UNEP (2005); Heavy fuel fired power boilers,PCDD/F,,"",562.429056286927,GJ,2020-12-01,1.40607264071732e-06
87.8,mg/GJ,EMEP,Public electricity and heat production,Tier 1 Emission Factor,,Table_3-6,1.A.1.a,NFR,Heavy Fuel Oil,"",0.0878,g/GJ,"US EPA (2010), chapter 1.3",Zn,,"",562.429056286927,GJ,2020-12-01,49.3812711419922
2.06,mg/GJ,EMEP,Public electricity and heat production,Tier 1 Emission Factor,,Table_3-6,1.A.1.a,NFR,Heavy Fuel Oil,"",0.00206,g/GJ,"US EPA (2010), chapter 1.3",Se,,"",562.429056286927,GJ,2020-12-01,1.15860385595107
